"count","holiday","humidity","registered","summer","temp","windspeed","workingday"
2,0,81,2,0,10.66,22.0028,1
157,0,54,150,1,18.04,16.9979,1
233,0,40,199,1,37.72,15.0013,1
98,0,88,86,1,22.14,19.0012,1
6,0,74,6,0,6.56,6.0032,1
176,0,32,172,0,9.02,39.0007,1
64,0,37,61,0,9.02,27.9993,1
239,0,48,149,1,28.7,6.0032,0
4,0,54,3,1,18.04,12.998,1
67,0,35,55,0,10.66,7.0015,1
27,0,77,22,1,21.32,11.0014,1
5,0,73,2,1,24.6,6.0032,1
45,0,17,36,0,15.58,39.0007,0
163,0,51,158,0,9.02,8.9981,1
28,0,78,28,1,27.06,11.0014,1
22,0,39,17,0,12.3,23.9994,0
226,0,78,181,1,24.6,16.9979,1
331,0,19,163,0,35.26,11.0014,0
119,0,49,115,0,12.3,8.9981,1
248,0,26,190,1,27.88,16.9979,1
153,0,54,114,1,29.52,22.0028,1
74,0,73,73,0,3.28,0,1
366,0,49,240,1,24.6,0,0
1,0,65,1,0,10.66,6.0032,1
98,0,73,74,1,24.6,16.9979,0
7,0,67,6,0,18.86,7.0015,1
151,0,94,138,1,21.32,16.9979,1
170,0,66,155,1,16.4,8.9981,1
453,0,83,398,1,23.78,12.998,1
3,0,38,2,0,3.28,19.0012,1
183,0,64,139,1,23.78,16.9979,1
241,0,70,211,0,31.16,19.9995,1
109,0,47,108,0,8.2,6.0032,1
30,0,46,30,0,5.74,22.0028,1
90,0,15,76,0,24.6,32.9975,1
191,0,62,174,1,16.4,22.0028,1
71,0,76,61,0,13.94,19.9995,1
241,0,46,205,1,13.94,22.0028,1
158,0,58,122,1,28.7,35.0008,1
152,0,39,127,1,36.9,19.9995,1
78,0,61,55,0,28.7,11.0014,0
150,0,55,121,1,21.32,7.0015,1
6,0,50,6,0,4.92,15.0013,1
2,0,73,1,1,24.6,6.0032,1
194,0,58,144,1,28.7,40.9973,1
132,0,38,127,0,9.84,7.0015,1
3,0,65,3,0,10.66,8.9981,1
3,0,50,3,0,5.74,19.9995,1
3,0,53,3,0,13.12,19.0012,1
193,0,50,157,1,25.42,0,1
361,0,39,219,0,34.44,19.0012,0
82,0,43,62,0,16.4,12.998,1
18,0,40,18,0,8.2,7.0015,0
638,0,28,555,1,30.34,7.0015,1
604,0,65,521,1,25.42,27.9993,1
221,0,87,208,1,13.94,11.0014,1
147,0,43,92,0,16.4,23.9994,0
223,0,74,156,1,28.7,7.0015,0
374,0,30,232,0,33.62,8.9981,0
95,0,93,94,0,6.56,7.0015,1
4,0,73,3,1,22.14,22.0028,1
5,0,87,4,1,14.76,15.0013,0
88,0,46,74,0,15.58,19.9995,1
10,0,71,6,1,13.94,12.998,1
106,0,77,82,1,17.22,16.9979,1
238,0,68,153,1,20.5,7.0015,0
177,0,72,109,1,18.86,8.9981,1
8,0,71,8,0,16.4,15.0013,0
334,0,46,196,1,32.8,19.0012,0
10,0,65,8,0,27.88,11.0014,1
253,0,93,227,0,13.12,0,1
56,0,70,52,1,9.84,7.0015,1
183,0,66,125,1,29.52,7.0015,0
26,0,53,21,0,26.24,0,0
102,1,76,77,1,16.4,19.9995,0
144,0,40,141,0,8.2,22.0028,1
16,0,73,10,1,26.24,15.0013,1
9,0,94,2,1,18.86,19.0012,1
15,0,69,6,0,9.02,0,0
64,0,41,59,0,9.02,19.0012,1
96,0,23,75,0,21.32,19.9995,1
174,0,46,126,0,13.94,0,0
50,0,25,50,0,8.2,16.9979,1
250,0,83,225,1,24.6,0,1
14,0,50,14,0,4.92,12.998,1
450,0,77,415,1,17.22,16.9979,1
261,0,65,232,1,25.42,12.998,1
64,0,55,56,1,21.32,0,0
95,0,32,83,0,8.2,32.9975,0
107,0,53,90,1,25.42,0,1
8,0,64,6,0,6.56,7.0015,1
25,0,66,13,1,16.4,8.9981,0
86,1,74,44,0,28.7,7.0015,0
54,0,55,53,0,7.38,7.0015,1
175,0,50,144,1,25.42,7.0015,1
9,0,71,6,1,14.76,7.0015,1
2,0,45,2,0,2.46,8.9981,1
230,0,40,194,1,23.78,11.0014,1
174,0,28,165,0,11.48,0,1
3,0,93,3,0,5.74,0,1
4,0,32,4,0,9.02,31.0009,1
154,0,57,113,1,14.76,11.0014,0
101,0,38,80,0,11.48,19.9995,0
375,1,49,205,0,31.98,11.0014,0
8,0,94,4,1,22.96,7.0015,1
4,0,94,2,0,26.24,7.0015,1
99,0,67,89,1,17.22,12.998,1
118,0,50,63,0,25.42,11.0014,1
23,0,82,15,1,16.4,7.0015,0
6,0,53,4,0,13.94,15.0013,1
64,1,55,55,0,6.56,12.998,0
91,0,50,66,1,26.24,19.0012,1
7,0,82,7,1,18.86,6.0032,1
23,0,43,23,0,7.38,6.0032,1
25,0,65,23,0,9.84,15.0013,1
56,0,67,37,1,18.04,11.0014,0
78,0,57,60,0,13.12,19.9995,1
134,0,73,97,1,24.6,22.0028,1
10,0,63,9,0,5.74,0,0
130,0,83,95,1,22.14,0,1
260,0,35,202,0,30.34,11.0014,1
223,0,49,200,0,13.94,15.0013,1
106,0,40,75,0,14.76,19.9995,1
11,0,61,8,1,12.3,0,0
26,0,46,25,0,13.94,19.9995,1
78,0,58,75,0,17.22,19.0012,1
210,0,69,131,1,25.42,30.0026,1
191,0,36,118,0,27.06,19.9995,1
61,0,47,47,0,7.38,8.9981,0
81,0,59,72,1,21.32,8.9981,1
23,0,100,23,0,13.12,23.9994,0
195,0,45,173,1,20.5,31.0009,1
12,0,88,9,1,22.14,16.9979,1
15,0,49,15,1,12.3,7.0015,1
4,0,65,4,0,9.84,26.0027,1
386,0,50,335,1,26.24,23.9994,1
169,0,41,139,1,26.24,23.9994,1
23,0,78,20,1,27.06,0,1
244,0,61,158,1,28.7,7.0015,0
244,0,49,153,1,23.78,8.9981,0
5,0,70,5,1,9.84,11.0014,0
122,0,83,92,1,22.96,22.0028,1
349,0,69,298,1,24.6,16.9979,1
3,0,47,3,0,9.02,11.0014,1
3,0,93,3,1,9.84,16.9979,1
47,0,37,43,0,9.02,26.0027,1
411,0,60,372,1,22.96,7.0015,1
225,0,26,197,1,29.52,23.9994,1
9,0,44,9,0,8.2,6.0032,1
83,0,42,70,1,20.5,12.998,0
160,0,76,152,1,13.94,11.0014,1
112,0,35,89,1,25.42,15.0013,1
88,0,71,65,0,16.4,7.0015,1
69,0,58,50,0,28.7,12.998,0
134,0,76,123,0,13.94,22.0028,1
170,0,33,109,0,31.16,11.0014,1
309,0,56,278,1,33.62,26.0027,1
4,0,94,3,1,18.86,19.0012,1
95,0,53,80,1,13.94,23.9994,1
188,0,58,162,1,28.7,11.0014,1
52,0,100,42,0,9.02,11.0014,0
78,0,57,51,0,13.94,15.0013,1
188,0,21,144,1,32.8,26.0027,1
36,0,74,36,0,4.92,7.0015,1
72,0,54,72,0,4.92,8.9981,1
89,0,51,68,1,20.5,12.998,1
47,1,47,39,0,6.56,15.0013,0
72,0,25,65,0,9.02,8.9981,1
4,0,69,2,1,25.42,8.9981,1
291,0,60,241,1,22.14,8.9981,1
3,0,93,3,0,9.02,0,1
2,0,53,1,1,23.78,22.0028,1
128,0,89,121,1,27.88,6.0032,1
3,0,93,3,0,9.02,7.0015,1
64,0,50,63,0,5.74,12.998,1
3,0,94,1,0,18.86,12.998,0
179,0,51,124,0,30.34,6.0032,0
70,0,36,54,0,13.12,26.0027,1
22,0,93,22,0,5.74,0,1
22,0,17,16,0,15.58,35.0008,0
180,1,52,133,1,22.14,16.9979,0
363,0,58,239,1,28.7,7.0015,0
15,0,87,13,1,13.94,15.0013,1
31,0,87,26,1,12.3,15.0013,0
32,0,89,30,0,26.24,7.0015,1
167,0,67,121,0,18.04,16.9979,0
241,0,41,143,0,18.04,23.9994,0
3,0,0,2,0,14.76,12.998,1
158,0,68,156,0,4.92,0,1
223,0,83,192,1,22.96,8.9981,1
1,1,43,1,0,7.38,11.0014,0
44,0,65,40,0,10.66,27.9993,0
1,0,54,1,0,4.1,7.0015,1
114,0,28,84,0,12.3,22.0028,0
18,0,77,9,1,17.22,6.0032,0
1,0,52,0,0,9.84,8.9981,1
374,0,49,232,1,33.62,7.0015,0
142,0,50,74,1,14.76,32.9975,0
137,0,67,112,0,17.22,15.0013,1
16,1,44,15,0,8.2,12.998,0
68,0,38,59,0,9.84,11.0014,1
117,0,55,73,0,32.8,23.9994,1
3,0,54,3,0,4.1,6.0032,1
2,0,60,2,0,10.66,23.9994,0
73,0,66,54,0,30.34,11.0014,1
3,0,54,2,0,4.1,8.9981,1
79,0,19,69,0,13.94,15.0013,1
209,0,82,193,1,18.86,22.0028,1
264,0,66,133,0,30.34,11.0014,0
104,0,78,94,1,27.06,6.0032,1
64,0,43,55,0,7.38,30.0026,1
1,0,0,1,0,13.94,16.9979,1
292,0,24,209,0,32.8,0,1
119,0,75,109,0,9.84,11.0014,1
343,0,52,280,1,21.32,19.0012,1
146,0,56,108,0,35.26,27.9993,1
47,0,49,43,0,13.12,7.0015,1
122,1,55,91,1,20.5,12.998,0
71,0,30,65,0,11.48,19.9995,1
267,0,40,248,1,15.58,32.9975,1
3,0,94,2,1,16.4,22.0028,1
30,0,86,28,0,5.74,8.9981,0
539,0,43,475,1,32.8,16.9979,1
40,0,59,32,1,19.68,0,0
52,0,47,49,0,8.2,7.0015,1
62,0,37,59,0,7.38,26.0027,0
6,0,50,5,1,16.4,15.0013,1
357,0,36,213,0,32.8,6.0032,0
308,0,38,253,1,32.8,15.0013,1
145,0,54,91,0,17.22,11.0014,0
274,0,50,234,1,25.42,19.9995,1
79,0,71,64,0,14.76,19.9995,1
102,0,43,71,1,16.4,19.0012,0
63,0,56,55,0,10.66,0,1
175,0,88,127,1,25.42,8.9981,1
365,0,57,323,1,27.88,23.9994,1
48,0,47,37,0,17.22,32.9975,0
70,0,40,69,0,8.2,6.0032,1
72,0,20,56,0,15.58,0,1
30,0,32,30,0,8.2,22.0028,1
17,0,75,12,0,9.84,11.0014,0
30,0,42,29,0,13.12,30.0026,0
105,0,94,83,0,18.86,23.9994,0
181,0,74,99,0,28.7,16.9979,0
243,0,41,104,1,17.22,16.9979,0
62,0,88,59,1,18.04,7.0015,1
263,1,67,216,1,18.86,26.0027,0
11,0,88,9,1,20.5,7.0015,0
34,0,0,30,0,13.94,8.9981,1
363,0,43,222,0,33.62,19.0012,0
131,0,78,103,1,27.06,6.0032,0
16,1,89,11,0,26.24,11.0014,0
451,0,33,258,1,30.34,15.0013,0
285,0,56,239,1,33.62,19.9995,1
52,0,75,45,0,9.84,0,1
112,0,67,103,1,17.22,8.9981,1
83,0,93,81,0,11.48,30.0026,0
148,0,56,141,0,11.48,19.9995,1
364,0,64,305,1,24.6,12.998,1
454,0,83,426,1,24.6,0,1
28,0,36,28,0,4.92,16.9979,0
7,0,69,5,0,8.2,15.0013,1
47,0,100,46,0,9.02,8.9981,0
14,0,100,11,1,12.3,16.9979,0
95,0,93,91,1,9.84,0,1
11,0,100,11,0,12.3,32.9975,0
86,0,63,58,1,21.32,8.9981,0
83,0,49,68,0,12.3,16.9979,1
218,0,69,174,1,25.42,8.9981,1
416,0,38,245,0,33.62,0,0
162,0,30,122,0,16.4,19.9995,0
40,0,61,31,1,28.7,8.9981,0
198,0,83,167,1,23.78,0,1
52,0,44,49,0,8.2,27.9993,1
73,0,37,64,0,8.2,19.0012,1
111,0,42,85,0,21.32,6.0032,1
361,0,28,305,1,22.14,15.0013,1
2,0,53,2,0,13.12,19.0012,1
171,0,52,142,1,31.16,0,1
98,0,62,79,1,16.4,26.0027,1
7,0,60,6,1,24.6,32.9975,1
212,0,81,118,1,14.76,8.9981,0
227,0,58,177,0,30.34,8.9981,1
96,0,42,68,0,12.3,27.9993,1
184,0,49,124,1,22.96,6.0032,1
207,0,49,185,1,24.6,0,1
4,0,44,4,1,27.06,7.0015,1
222,0,81,108,1,14.76,0,0
39,0,70,37,0,10.66,12.998,0
64,0,34,57,0,13.94,0,1
83,0,37,79,0,7.38,30.0026,0
146,0,35,117,0,22.96,19.9995,1
15,0,59,12,1,18.86,6.0032,1
377,0,58,236,1,29.52,6.0032,0
61,0,82,57,1,17.22,12.998,1
72,0,37,63,0,8.2,11.0014,1
61,0,80,56,0,7.38,11.0014,0
373,0,59,264,1,31.98,19.0012,0
3,0,15,3,0,16.4,22.0028,0
218,0,49,164,1,22.14,19.0012,0
124,0,31,105,0,24.6,12.998,1
31,0,50,31,0,4.92,19.0012,1
250,0,83,220,0,27.06,11.0014,1
186,0,78,157,1,24.6,23.9994,1
83,0,86,83,0,5.74,11.0014,1
104,0,73,59,1,24.6,19.9995,1
76,0,29,68,0,7.38,30.0026,0
15,0,94,12,1,20.5,0,1
139,0,52,84,0,31.16,7.0015,1
184,0,81,100,1,13.12,8.9981,0
171,0,46,141,1,23.78,7.0015,1
28,0,78,20,1,26.24,8.9981,1
96,0,69,68,0,27.88,6.0032,0
313,0,38,147,1,18.04,19.0012,0
1,0,54,1,0,4.1,8.9981,1
1,0,86,1,0,5.74,8.9981,1
74,0,39,60,0,13.12,16.9979,0
152,0,66,114,0,30.34,6.0032,1
133,0,47,127,0,6.56,19.9995,1
230,0,55,224,0,9.02,11.0014,1
6,0,17,3,0,16.4,27.9993,0
14,0,53,7,0,13.12,0,1
169,0,28,142,1,22.14,27.9993,1
84,0,77,55,0,17.22,19.0012,0
185,0,59,126,0,20.5,12.998,1
269,0,61,220,1,27.06,15.0013,1
256,0,79,233,1,30.34,16.9979,1
47,0,56,38,1,24.6,7.0015,1
14,0,62,9,0,16.4,12.998,1
44,0,43,33,0,7.38,16.9979,1
32,0,93,32,0,9.02,6.0032,1
256,0,40,249,0,15.58,31.0009,1
378,0,38,230,1,24.6,16.9979,0
70,0,36,59,0,11.48,11.0014,1
122,0,31,96,0,13.94,23.9994,1
150,0,87,81,1,16.4,0,0
47,0,93,47,0,6.56,0,1
224,0,33,195,0,26.24,22.0028,1
29,0,100,27,1,16.4,19.9995,0
292,0,52,253,1,22.14,23.9994,1
71,0,78,36,1,27.06,11.0014,0
40,0,44,35,0,9.02,16.9979,1
146,0,43,112,1,32.8,19.0012,1
295,0,94,188,1,22.14,12.998,0
87,0,46,61,1,14.76,23.9994,1
82,0,0,80,0,18.04,23.9994,1
141,0,36,97,1,21.32,12.998,0
5,0,77,5,1,18.04,0,0
6,0,39,6,1,28.7,0,1
39,0,64,34,0,8.2,7.0015,0
113,0,72,82,0,18.04,11.0014,1
175,0,41,118,0,26.24,19.0012,1
55,0,47,52,0,8.2,39.0007,1
30,0,65,26,0,9.84,0,0
14,0,83,5,1,24.6,8.9981,1
47,0,93,46,0,10.66,8.9981,1
32,0,72,20,0,18.04,19.0012,1
49,0,43,49,0,5.74,26.0027,0
29,0,74,28,0,6.56,6.0032,1
38,0,83,27,0,26.24,12.998,0
152,0,32,151,0,8.2,26.0027,1
13,1,81,11,1,14.76,7.0015,0
20,0,59,19,0,5.74,27.9993,1
93,1,47,72,0,8.2,11.0014,0
34,0,69,26,0,8.2,0,1
2,0,50,2,0,5.74,23.9994,1
20,0,83,15,1,21.32,11.0014,1
54,0,60,38,1,23.78,0,1
96,0,31,64,0,13.94,26.0027,1
89,0,67,62,0,18.86,22.0028,0
110,0,35,89,0,9.84,12.998,1
17,0,94,16,0,18.04,16.9979,0
41,0,43,40,0,5.74,11.0014,1
4,1,86,3,0,6.56,19.0012,0
2,0,84,2,1,29.52,7.0015,1
180,0,36,141,1,20.5,12.998,1
404,0,62,270,1,29.52,8.9981,0
52,0,40,47,0,8.2,19.0012,1
196,0,15,94,0,18.86,43.9989,0
153,0,46,107,1,33.62,0,1
2,0,69,2,0,8.2,11.0014,0
26,0,42,26,0,12.3,7.0015,0
563,0,62,486,0,31.16,12.998,1
558,0,25,485,1,29.52,19.0012,1
92,0,46,87,0,14.76,12.998,1
188,0,67,161,1,18.86,19.0012,1
96,0,61,70,1,26.24,11.0014,0
7,0,80,7,0,5.74,8.9981,1
146,0,74,110,1,29.52,11.0014,1
123,0,52,85,0,33.62,11.0014,1
5,0,44,5,0,8.2,35.0008,1
488,0,79,418,0,28.7,0,1
184,0,44,164,1,18.86,19.0012,1
76,0,56,70,0,12.3,11.0014,1
8,0,59,7,0,6.56,0,0
211,0,75,200,0,8.2,26.0027,1
366,0,46,221,0,32.8,16.9979,0
498,0,53,445,1,23.78,8.9981,1
408,1,46,173,0,32.8,0,0
11,0,75,10,0,9.84,11.0014,0
2,0,66,1,1,15.58,16.9979,1
33,0,65,25,0,27.88,6.0032,0
6,0,69,3,1,27.88,11.0014,1
292,0,89,279,0,27.06,7.0015,1
303,0,49,183,0,32.8,22.0028,0
139,0,28,106,1,29.52,32.9975,1
101,0,65,76,0,11.48,7.0015,0
172,0,31,101,1,18.86,0,0
264,0,79,248,1,30.34,11.0014,1
5,0,44,5,0,9.02,23.9994,1
64,0,47,64,0,6.56,15.0013,1
19,0,47,18,0,8.2,0,1
286,0,62,155,1,29.52,8.9981,0
74,0,87,69,0,9.02,8.9981,1
50,0,54,46,0,15.58,6.0032,1
91,0,45,88,0,11.48,32.9975,1
122,0,31,96,0,18.86,26.0027,1
75,0,48,71,0,9.84,36.9974,1
5,0,94,3,1,19.68,0,1
78,0,56,65,0,12.3,11.0014,0
95,0,51,64,1,29.52,15.0013,1
99,0,23,70,0,14.76,0,1
3,0,70,0,1,11.48,6.0032,0
185,0,76,168,1,14.76,12.998,1
424,0,48,355,1,31.16,16.9979,1
232,0,31,196,1,20.5,19.9995,1
23,0,94,19,1,22.96,8.9981,1
255,0,28,244,0,18.86,19.0012,1
5,0,69,4,0,27.06,11.0014,1
216,0,94,159,1,22.14,8.9981,0
20,0,59,18,0,6.56,6.0032,0
579,0,33,516,1,31.98,19.0012,1
187,0,53,172,0,13.94,19.9995,1
178,0,83,141,1,25.42,8.9981,1
1,0,30,1,0,9.84,31.0009,1
129,0,36,108,0,13.12,12.998,0
5,0,49,5,1,22.14,15.0013,1
46,0,59,35,1,20.5,16.9979,1
21,0,76,18,1,15.58,8.9981,1
47,0,62,44,0,9.84,7.0015,1
27,0,0,26,0,13.94,6.0032,1
12,0,55,11,0,31.16,0,1
102,0,74,91,0,28.7,7.0015,1
84,0,26,67,0,12.3,16.9979,1
268,0,23,238,0,20.5,19.0012,1
16,0,89,14,0,27.06,12.998,1
5,0,58,5,0,30.34,16.9979,1
18,0,63,12,1,19.68,0,1
100,0,82,68,1,18.86,0,0
8,0,65,8,0,9.84,11.0014,0
1,0,69,1,0,8.2,8.9981,1
100,0,94,86,1,21.32,6.0032,0
73,0,71,63,1,14.76,19.0012,1
3,0,100,2,0,12.3,19.9995,1
342,0,38,223,1,24.6,12.998,0
596,0,59,517,0,31.98,15.0013,1
303,0,23,225,0,33.62,12.998,1
209,0,44,176,1,26.24,15.0013,1
326,0,37,262,1,28.7,27.9993,1
31,0,50,16,0,27.06,0,1
3,0,56,3,0,9.84,19.9995,0
131,0,74,107,1,27.06,7.0015,0
76,0,44,41,0,17.22,31.0009,0
28,0,81,25,1,13.94,26.0027,1
3,0,63,3,1,19.68,15.0013,1
4,0,57,1,0,13.12,12.998,1
436,0,35,240,1,24.6,19.0012,0
2,0,52,1,0,10.66,8.9981,1
524,0,38,458,1,25.42,19.9995,1
1,0,65,1,1,9.84,8.9981,1
418,1,46,196,0,32.8,8.9981,0
392,0,78,255,1,22.96,23.9994,0
28,0,55,26,0,6.56,0,1
5,0,88,3,1,23.78,0,1
217,0,31,125,0,18.86,22.0028,0
213,0,35,161,1,24.6,0,1
63,0,93,51,1,12.3,22.0028,1
185,0,74,145,1,29.52,16.9979,1
312,0,74,257,0,29.52,16.9979,1
114,0,70,104,0,10.66,12.998,1
140,1,83,77,0,26.24,8.9981,0
181,0,41,93,0,18.04,27.9993,0
205,0,63,122,0,18.86,19.9995,0
3,0,93,3,0,10.66,11.0014,1
75,0,36,51,0,15.58,22.0028,1
165,0,39,135,1,19.68,12.998,1
284,0,79,265,1,28.7,11.0014,1
14,0,88,9,1,25.42,7.0015,0
168,0,63,156,1,18.86,0,1
3,0,100,2,0,11.48,15.0013,1
225,0,61,183,1,26.24,30.0026,1
31,0,67,25,1,17.22,15.0013,0
440,0,50,415,1,17.22,16.9979,1
60,0,57,52,0,14.76,6.0032,1
196,0,82,136,1,19.68,16.9979,0
36,0,87,25,0,16.4,16.9979,0
190,0,38,186,0,9.84,12.998,1
61,0,44,59,0,8.2,16.9979,1
4,0,94,3,1,20.5,11.0014,1
45,0,39,44,0,5.74,23.9994,1
421,0,64,377,1,22.14,8.9981,1
317,0,58,193,1,30.34,7.0015,0
28,0,80,26,0,9.02,11.0014,1
380,0,49,232,1,33.62,7.0015,0
128,0,59,125,0,6.56,11.0014,1
1,0,75,1,0,9.84,6.0032,0
25,0,88,24,1,20.5,12.998,1
4,0,89,4,0,26.24,7.0015,1
5,0,75,4,1,9.84,11.0014,0
27,0,83,18,1,25.42,7.0015,0
89,0,48,74,0,9.84,15.0013,0
155,0,61,110,1,27.06,12.998,1
385,0,46,263,1,24.6,7.0015,0
456,0,73,261,1,25.42,19.0012,0
17,0,76,11,1,16.4,7.0015,0
7,0,55,7,0,7.38,11.0014,0
19,0,53,17,0,13.12,0,1
106,0,28,91,0,24.6,16.9979,1
45,0,93,43,0,10.66,8.9981,0
233,0,29,206,0,13.94,23.9994,1
29,0,33,29,0,4.92,23.9994,1
222,0,40,202,0,16.4,15.0013,1
420,0,32,270,1,28.7,11.0014,0
68,0,81,49,0,14.76,11.0014,1
12,0,93,11,1,9.84,15.0013,1
154,0,37,125,1,36.9,12.998,1
179,0,54,110,1,15.58,12.998,0
130,0,82,127,1,17.22,19.0012,1
107,0,59,105,0,8.2,22.0028,1
7,0,93,7,1,10.66,12.998,1
1,0,56,1,1,23.78,8.9981,1
20,0,86,20,0,6.56,6.0032,1
70,0,100,67,1,14.76,15.0013,1
14,0,100,11,1,21.32,7.0015,0
206,0,87,198,1,10.66,16.9979,1
111,0,93,101,0,12.3,12.998,1
2,0,63,2,0,5.74,6.0032,1
397,0,51,238,1,30.34,0,0
6,0,100,5,1,20.5,8.9981,1
21,0,93,21,1,13.94,26.0027,1
4,0,82,4,1,20.5,19.0012,1
53,0,51,47,0,7.38,19.0012,1
181,0,69,138,1,27.88,16.9979,1
79,0,82,68,1,20.5,19.9995,1
112,0,88,101,1,23.78,0,1
4,0,64,4,0,6.56,0,1
7,0,14,7,0,17.22,19.9995,0
165,0,39,121,1,35.26,0,1
29,0,33,25,0,11.48,30.0026,0
113,0,49,95,0,13.94,19.9995,1
52,0,59,46,0,8.2,6.0032,1
334,0,69,311,1,26.24,12.998,1
468,0,52,275,1,31.16,15.0013,0
31,0,39,28,1,27.06,15.0013,1
12,0,71,11,0,14.76,15.0013,1
226,0,88,211,1,19.68,26.0027,1
230,0,88,136,1,17.22,8.9981,0
85,0,88,74,1,21.32,0,1
28,0,54,28,0,4.92,8.9981,1
14,0,94,8,1,21.32,8.9981,1
86,0,53,60,0,24.6,15.0013,1
102,0,88,78,1,20.5,8.9981,0
32,0,65,28,1,10.66,8.9981,0
90,0,43,63,1,33.62,15.0013,1
101,0,33,98,0,10.66,7.0015,1
312,0,31,144,0,20.5,32.9975,0
180,0,73,137,1,22.14,12.998,1
33,0,57,20,1,13.12,15.0013,0
139,0,47,139,0,8.2,23.9994,1
502,0,43,471,1,22.96,22.0028,1
105,0,64,98,1,22.14,27.9993,1
85,0,19,74,0,13.94,11.0014,1
4,0,87,3,1,15.58,19.0012,0
95,0,67,66,1,17.22,7.0015,1
328,0,83,275,1,26.24,16.9979,1
37,0,0,36,0,15.58,15.0013,1
105,0,37,82,0,9.02,16.9979,0
34,0,78,27,1,26.24,7.0015,0
3,0,62,3,0,14.76,8.9981,0
208,0,59,167,0,31.98,19.9995,1
68,0,38,53,1,25.42,19.0012,1
4,0,46,4,0,4.1,27.9993,0
8,0,94,2,1,18.04,0,1
39,0,43,39,0,6.56,23.9994,1
113,0,46,80,0,33.62,12.998,1
5,0,93,2,1,14.76,7.0015,0
6,0,86,6,0,6.56,7.0015,1
235,0,27,214,0,13.94,12.998,1
172,0,46,97,0,31.98,7.0015,1
314,0,79,283,1,29.52,8.9981,1
34,0,87,31,0,16.4,12.998,0
157,0,94,115,1,22.14,8.9981,0
506,0,35,426,1,37.72,15.0013,1
63,1,83,30,0,26.24,0,0
28,0,89,20,1,26.24,19.0012,0
6,0,57,5,0,25.42,0,1
57,0,55,57,0,6.56,22.0028,1
99,0,38,77,0,9.84,15.0013,0
66,0,89,57,1,26.24,16.9979,0
46,0,62,37,0,31.16,0,1
130,0,82,83,1,15.58,8.9981,0
297,0,56,237,1,24.6,11.0014,1
20,0,59,16,1,20.5,7.0015,1
572,0,20,484,1,31.16,35.0008,1
450,0,40,388,1,31.16,12.998,1
178,0,49,173,0,4.1,22.0028,1
3,0,55,3,0,6.56,12.998,1
2,0,100,2,0,8.2,22.0028,1
55,0,81,53,0,13.12,7.0015,1
50,0,72,48,0,18.04,11.0014,1
24,0,68,23,0,4.1,0,1
24,0,59,22,0,5.74,11.0014,1
21,0,0,20,0,17.22,16.9979,1
365,0,52,346,1,22.96,27.9993,1
192,0,30,142,1,22.14,39.0007,1
15,0,51,14,0,7.38,11.0014,1
25,0,81,19,0,12.3,0,1
85,0,53,64,0,13.94,16.9979,1
52,0,88,41,1,18.86,6.0032,1
50,0,40,37,0,15.58,19.9995,0
217,0,53,163,1,26.24,16.9979,1
481,0,58,435,1,31.16,11.0014,1
72,0,39,70,0,5.74,0,1
17,0,13,14,0,18.04,26.0027,0
130,0,73,96,1,23.78,19.9995,1
76,0,57,67,1,14.76,32.9975,1
17,0,87,15,1,13.12,15.0013,0
157,0,88,141,1,20.5,11.0014,1
46,0,58,43,1,17.22,19.0012,1
126,0,62,119,1,18.04,16.9979,1
230,0,100,223,0,6.56,0,1
1,0,65,1,0,10.66,6.0032,1
57,0,87,45,1,15.58,6.0032,0
3,0,86,2,0,8.2,0,0
117,0,32,83,1,21.32,22.0028,1
188,0,76,176,0,13.94,16.9979,1
13,0,93,13,1,12.3,12.998,0
365,0,52,286,0,33.62,19.0012,1
169,0,38,166,0,9.84,8.9981,1
120,0,19,93,0,23.78,26.0027,1
55,0,89,43,0,26.24,11.0014,0
533,0,26,467,1,22.96,26.0027,1
4,0,60,4,1,10.66,8.9981,1
82,0,50,73,0,10.66,15.0013,1
141,0,87,123,0,9.84,11.0014,1
54,0,48,53,0,9.84,7.0015,1
206,0,54,165,1,29.52,26.0027,1
147,0,83,77,0,26.24,11.0014,0
91,0,45,76,0,11.48,11.0014,1
32,0,100,21,1,21.32,0,0
222,0,42,211,0,22.14,19.0012,1
62,0,29,59,0,7.38,19.9995,1
15,0,94,14,1,18.04,12.998,1
53,0,81,46,0,14.76,15.0013,0
106,0,16,72,0,17.22,39.0007,0
145,0,42,110,1,22.14,8.9981,1
89,0,72,87,1,18.04,16.9979,1
15,0,74,11,0,28.7,8.9981,1
51,0,35,45,0,16.4,23.9994,0
112,0,65,75,1,25.42,6.0032,1
17,0,64,13,0,8.2,12.998,1
49,0,77,38,1,21.32,23.9994,1
253,0,40,182,1,23.78,22.0028,1
190,0,44,132,0,27.06,8.9981,1
86,0,82,76,1,17.22,8.9981,0
127,0,49,97,1,22.14,22.0028,1
78,0,21,60,0,9.84,7.0015,1
47,0,59,46,0,8.2,8.9981,1
2,0,88,2,1,19.68,8.9981,1
67,0,40,48,0,8.2,15.0013,1
28,0,0,27,0,14.76,15.0013,1
7,0,65,6,0,9.84,16.9979,0
88,0,43,81,0,6.56,26.0027,1
358,0,49,230,1,24.6,0,0
110,0,29,108,0,9.02,30.0026,1
77,0,61,53,1,13.12,16.9979,0
14,0,73,13,0,23.78,7.0015,0
25,0,89,22,0,26.24,12.998,0
37,0,52,34,0,12.3,16.9979,1
111,0,52,88,1,31.98,0,1
76,0,39,74,0,13.12,6.0032,1
29,0,62,25,1,16.4,12.998,0
168,0,51,150,0,18.04,22.0028,1
55,0,16,37,0,16.4,43.9989,0
138,0,62,119,0,17.22,15.0013,1
63,0,37,47,0,9.02,22.0028,1
161,0,62,105,1,29.52,8.9981,0
330,0,41,279,1,27.88,12.998,1
362,0,31,321,1,26.24,23.9994,1
118,0,46,101,0,14.76,12.998,1
3,0,66,3,1,14.76,12.998,1
204,0,83,158,0,27.06,16.9979,1
2,0,86,1,0,8.2,0,1
113,0,39,106,1,27.06,8.9981,1
276,0,72,248,1,20.5,12.998,1
5,0,74,5,0,6.56,11.0014,0
179,0,41,131,1,26.24,0,1
165,0,29,127,1,32.8,12.998,1
28,0,65,23,0,10.66,15.0013,0
178,0,28,128,1,30.34,0,1
544,0,48,485,1,28.7,27.9993,1
76,0,59,68,0,20.5,19.0012,1
54,0,82,51,1,16.4,0,1
38,0,46,38,0,5.74,16.9979,0
134,0,83,98,1,23.78,16.9979,0
4,0,93,4,0,9.02,6.0032,0
7,0,100,4,0,18.04,15.0013,0
381,0,55,263,1,30.34,12.998,0
29,0,64,27,1,22.14,26.0027,1
2,0,43,2,0,7.38,16.9979,1
95,0,29,86,0,14.76,27.9993,1
1,0,76,1,1,13.94,12.998,1
147,0,26,120,1,22.96,32.9975,1
53,0,93,52,1,12.3,27.9993,1
342,0,84,281,0,28.7,11.0014,1
384,0,59,323,1,33.62,8.9981,1
101,0,40,100,0,6.56,31.0009,1
34,0,79,25,0,29.52,0,1
55,0,70,45,1,12.3,7.0015,0
101,0,33,94,0,10.66,0,1
128,0,70,123,0,13.12,0,1
267,0,66,242,1,29.52,7.0015,1
35,0,47,31,0,8.2,8.9981,1
150,0,31,141,0,13.94,7.0015,1
174,0,77,132,1,21.32,8.9981,0
165,0,49,123,1,22.14,22.0028,1
8,1,43,8,0,7.38,16.9979,0
118,0,84,105,1,29.52,6.0032,1
75,0,49,68,0,12.3,12.998,1
165,0,46,157,1,14.76,16.9979,1
182,0,62,150,0,30.34,11.0014,1
153,0,65,126,1,28.7,8.9981,1
332,0,79,302,0,28.7,12.998,1
102,0,41,84,1,18.86,19.0012,1
202,0,50,197,0,5.74,12.998,1
51,0,40,47,0,8.2,27.9993,1
285,0,57,267,0,13.12,6.0032,1
38,0,59,37,0,5.74,12.998,1
121,0,58,103,0,30.34,11.0014,1
101,0,62,72,0,31.98,0,1
4,0,58,4,0,30.34,12.998,1
54,0,76,45,1,15.58,16.9979,1
220,0,74,217,0,5.74,8.9981,1
75,0,93,74,0,13.94,11.0014,1
159,0,47,118,1,26.24,12.998,1
26,0,49,23,1,12.3,19.0012,1
6,0,94,4,0,18.86,12.998,0
38,0,71,32,1,13.94,26.0027,1
129,0,68,103,1,22.14,15.0013,1
78,0,83,62,1,21.32,39.0007,0
404,0,55,206,0,32.8,7.0015,0
15,0,46,10,0,5.74,19.9995,0
1,0,49,1,0,4.1,19.0012,0
211,0,24,193,0,12.3,0,1
143,0,23,96,1,31.16,36.9974,1
8,0,79,6,0,28.7,0,1
562,0,44,492,0,34.44,19.9995,1
77,0,79,67,1,28.7,6.0032,0
1,0,55,1,0,7.38,11.0014,0
292,0,33,118,1,18.86,0,0
5,0,86,5,0,5.74,11.0014,1
118,0,40,93,1,37.72,12.998,1
72,0,82,69,1,16.4,22.0028,1
297,0,88,283,1,18.86,8.9981,1
291,0,77,262,1,18.04,15.0013,1
58,0,82,50,1,17.22,7.0015,0
123,0,39,119,0,4.92,11.0014,1
343,0,34,162,1,20.5,26.0027,0
1,0,75,1,0,9.84,0,0
38,0,94,32,1,20.5,26.0027,0
2,0,34,2,0,21.32,27.9993,0
16,0,55,15,0,7.38,6.0032,0
210,0,63,192,0,18.86,15.0013,1
440,0,30,272,1,29.52,8.9981,0
60,0,79,50,1,28.7,7.0015,0
23,0,70,19,0,9.84,12.998,0
100,0,76,67,0,16.4,15.0013,1
15,0,50,14,0,4.92,12.998,1
14,0,78,14,1,22.96,16.9979,1
86,0,48,78,0,9.84,11.0014,1
116,0,75,98,1,31.16,12.998,1
76,0,49,74,0,13.12,19.9995,1
72,0,21,61,0,23.78,32.9975,1
279,0,69,195,1,27.06,12.998,0
271,0,40,229,0,15.58,12.998,1
20,0,88,16,1,24.6,6.0032,0
176,0,43,131,0,24.6,12.998,1
145,0,37,135,0,6.56,19.0012,1
64,0,83,48,1,22.96,12.998,1
59,0,94,49,1,21.32,6.0032,1
191,0,82,118,1,15.58,0,0
174,0,38,138,1,25.42,19.0012,1
317,0,74,289,0,28.7,16.9979,1
90,0,45,55,1,22.14,23.9994,1
9,0,87,8,1,13.12,12.998,1
18,0,65,17,0,9.84,11.0014,0
174,0,39,103,0,27.06,16.9979,1
33,0,65,23,1,11.48,12.998,0
133,0,65,130,1,10.66,7.0015,1
10,0,82,9,1,16.4,22.0028,0
19,0,81,15,0,11.48,7.0015,0
246,0,49,198,1,22.96,23.9994,1
123,0,52,87,1,22.14,6.0032,1
15,0,100,10,0,12.3,19.9995,0
4,0,63,4,0,3.28,6.0032,1
305,0,33,149,0,32.8,15.0013,0
13,0,30,10,0,9.84,31.0009,1
6,0,83,6,0,27.88,6.0032,1
459,0,37,398,1,36.9,15.0013,1
212,0,44,163,1,34.44,7.0015,1
205,0,46,165,1,24.6,19.0012,1
346,0,56,301,1,30.34,8.9981,1
178,0,40,174,0,8.2,7.0015,1
565,0,69,487,1,24.6,8.9981,1
29,0,78,18,1,25.42,8.9981,1
49,0,40,47,0,6.56,35.0008,0
282,0,70,259,0,10.66,6.0032,1
132,0,83,105,0,27.88,30.0026,1
40,0,46,40,0,5.74,19.9995,1
325,0,83,299,1,26.24,15.0013,1
112,0,59,86,1,33.62,15.0013,1
38,0,50,36,0,6.56,23.9994,1
2,0,71,1,1,15.58,19.9995,1
82,0,88,76,1,20.5,8.9981,1
12,0,55,11,0,7.38,7.0015,1
54,0,38,53,0,11.48,15.0013,1
361,0,34,191,1,21.32,26.0027,0
112,0,18,77,0,14.76,0,1
337,0,58,316,1,17.22,11.0014,1
33,0,40,31,0,15.58,15.0013,1
407,0,54,343,1,29.52,12.998,1
127,0,19,91,0,17.22,40.9973,0
3,0,100,3,0,12.3,8.9981,0
151,0,78,111,0,27.06,6.0032,1
1,0,27,1,0,8.2,31.0009,1
425,0,51,397,1,20.5,7.0015,1
54,0,40,50,0,8.2,19.0012,1
259,0,32,222,1,22.14,0,1
125,0,46,96,1,24.6,6.0032,0
384,0,43,339,1,23.78,12.998,1
3,0,54,3,0,4.1,16.9979,1
202,0,81,123,1,14.76,8.9981,0
517,0,52,454,1,33.62,15.0013,1
14,0,64,14,1,22.14,19.0012,1
130,0,37,122,0,16.4,26.0027,1
155,0,60,152,0,9.84,7.0015,1
2,0,64,2,0,6.56,0,1
143,0,59,128,1,18.86,30.0026,1
201,0,43,130,0,32.8,7.0015,1
28,0,83,18,1,27.88,6.0032,0
25,0,100,23,0,13.94,19.9995,0
331,0,88,288,1,22.96,8.9981,1
6,0,79,4,0,27.88,7.0015,1
61,0,35,50,0,16.4,19.0012,0
86,0,39,80,0,12.3,8.9981,1
243,0,56,206,1,24.6,19.9995,1
123,0,66,112,0,16.4,12.998,1
3,0,69,3,0,6.56,7.0015,1
15,0,93,15,0,6.56,7.0015,0
121,0,83,90,0,27.06,8.9981,0
1,0,60,1,0,10.66,15.0013,0
5,0,88,4,1,24.6,6.0032,0
4,0,94,3,1,22.14,16.9979,1
118,0,43,108,0,15.58,12.998,1
72,0,66,53,0,29.52,16.9979,0
374,0,55,351,1,21.32,15.0013,1
7,0,36,7,0,4.1,15.0013,1
28,0,55,25,0,7.38,0,0
212,0,48,202,0,11.48,15.0013,1
209,0,62,170,0,30.34,11.0014,1
53,0,69,48,0,7.38,0,1
179,0,60,136,1,23.78,15.0013,1
170,0,69,119,1,25.42,12.998,1
56,0,81,30,0,14.76,19.0012,0
250,0,82,141,1,18.86,7.0015,0
260,0,38,171,1,24.6,26.0027,1
129,0,66,115,1,30.34,8.9981,1
349,0,31,109,1,18.86,8.9981,0
68,0,59,68,0,7.38,0,1
349,0,30,170,0,34.44,15.0013,0
2,0,75,1,0,9.84,6.0032,1
4,0,64,4,0,7.38,12.998,1
28,0,52,27,0,12.3,31.0009,1
94,0,74,92,0,4.92,8.9981,1
56,0,44,43,1,18.04,11.0014,1
394,0,46,225,1,32.8,12.998,0
33,0,55,32,0,6.56,30.0026,1
16,0,62,15,1,15.58,7.0015,1
463,0,79,412,0,29.52,8.9981,1
4,0,100,4,1,10.66,11.0014,1
34,0,61,26,1,12.3,7.0015,0
69,0,37,48,1,16.4,26.0027,1
8,0,70,8,0,9.84,8.9981,1
325,0,62,215,1,31.16,8.9981,0
51,0,51,46,0,8.2,8.9981,1
97,0,43,87,0,13.12,11.0014,1
47,0,35,32,0,16.4,22.0028,0
367,0,46,228,0,32.8,19.9995,0
9,0,79,7,0,28.7,7.0015,1
92,1,55,85,0,7.38,16.9979,0
182,0,46,130,0,13.94,6.0032,0
216,0,63,163,0,32.8,23.9994,1
94,0,72,47,0,18.86,19.9995,0
103,0,65,102,0,9.84,8.9981,1
278,0,31,140,0,19.68,22.0028,0
201,0,23,193,0,18.86,32.9975,1
314,0,58,185,0,31.16,15.0013,0
76,0,86,72,0,6.56,15.0013,1
64,0,61,48,1,26.24,11.0014,0
452,0,58,423,1,30.34,8.9981,1
144,0,49,95,1,23.78,12.998,1
611,0,33,532,1,26.24,0,1
281,0,77,172,1,19.68,7.0015,0
179,0,70,154,0,30.34,11.0014,1
194,0,76,176,0,13.94,19.9995,1
3,0,59,3,0,5.74,11.0014,1
240,0,77,137,1,20.5,12.998,0
25,0,74,19,0,27.06,6.0032,0
113,0,46,91,0,25.42,7.0015,1
128,0,40,100,1,37.72,11.0014,1
463,0,59,367,1,32.8,15.0013,1
213,0,55,176,1,31.16,0,1
53,0,88,37,1,24.6,0,0
14,0,82,7,1,20.5,7.0015,0
23,0,65,18,1,28.7,15.0013,1
527,0,69,463,1,25.42,15.0013,1
2,0,64,1,0,8.2,19.0012,1
69,0,88,51,1,22.14,15.0013,0
5,0,66,4,1,13.94,15.0013,1
57,0,94,45,1,18.04,16.9979,0
47,1,81,42,1,14.76,6.0032,0
218,0,41,178,1,26.24,16.9979,1
13,0,47,11,1,17.22,8.9981,1
25,0,55,23,1,20.5,15.0013,1
108,0,35,69,0,17.22,15.0013,0
17,0,84,9,1,28.7,16.9979,1
218,0,57,170,1,25.42,19.9995,1
99,0,42,91,0,12.3,15.0013,1
30,0,89,23,0,26.24,8.9981,0
2,0,69,2,0,6.56,0,1
2,0,100,2,1,16.4,19.9995,1
277,0,30,175,1,22.96,26.0027,0
269,0,24,233,1,23.78,27.9993,1
185,0,47,139,1,27.06,7.0015,0
167,0,94,133,1,21.32,11.0014,0
57,0,47,50,0,7.38,11.0014,0
32,0,88,27,1,18.86,23.9994,0
454,0,79,417,1,29.52,12.998,1
171,0,16,87,0,18.04,50.0021,0
6,0,48,5,1,21.32,22.0028,1
157,0,32,148,0,9.84,7.0015,1
218,0,66,163,1,31.16,8.9981,1
20,0,41,15,1,18.86,19.0012,1
372,0,41,244,0,34.44,19.0012,0
79,0,94,69,0,18.86,22.0028,0
3,0,93,3,0,9.02,12.998,1
123,0,93,119,0,9.84,6.0032,1
303,0,31,156,1,18.86,12.998,0
16,0,93,16,0,4.92,8.9981,1
7,0,93,6,0,9.02,8.9981,1
222,0,42,173,0,28.7,0,1
272,0,77,246,0,17.22,12.998,1
152,0,59,115,0,19.68,22.0028,0
15,0,38,12,1,29.52,7.0015,1
95,0,86,89,0,7.38,0,1
183,0,41,127,1,33.62,22.0028,1
37,0,87,31,1,15.58,8.9981,0
154,0,54,88,0,29.52,19.0012,0
243,0,33,218,0,18.86,40.9973,1
108,0,77,77,1,22.14,15.0013,1
421,0,59,173,0,32.8,15.0013,0
232,0,73,178,1,24.6,7.0015,1
14,0,76,6,0,13.12,0,0
92,0,33,87,0,12.3,11.0014,1
125,0,43,108,1,22.96,8.9981,1
194,0,69,156,1,24.6,12.998,1
367,0,33,148,1,18.04,19.9995,0
449,0,49,418,0,32.8,16.9979,1
99,0,76,82,0,13.12,23.9994,1
3,0,80,3,0,5.74,8.9981,1
140,0,65,120,1,27.06,22.0028,1
250,0,62,197,1,31.16,7.0015,1
180,0,35,152,1,31.98,0,1
10,0,82,10,1,16.4,6.0032,0
165,0,74,104,0,30.34,16.9979,1
423,0,39,348,1,27.06,19.0012,1
308,0,83,272,1,23.78,16.9979,1
13,0,66,9,0,13.94,11.0014,0
25,0,76,21,1,14.76,15.0013,1
440,0,69,282,1,26.24,16.9979,0
187,0,69,147,1,25.42,15.0013,1
35,0,89,29,0,27.06,8.9981,1
135,0,93,132,0,6.56,0,1
12,0,0,12,0,18.04,19.9995,1
196,0,43,141,1,32.8,16.9979,1
154,0,33,116,0,18.04,19.0012,0
1,0,66,0,1,15.58,19.0012,1
63,0,52,54,0,10.66,15.0013,1
2,0,75,2,0,9.84,7.0015,1
157,0,30,146,0,9.84,15.0013,1
326,0,39,271,1,34.44,22.0028,1
511,0,47,472,0,35.26,19.9995,1
13,0,77,12,1,17.22,6.0032,0
267,0,43,179,1,22.96,12.998,0
10,0,100,10,0,9.02,26.0027,0
1,0,53,1,0,3.28,12.998,0
201,0,87,116,1,14.76,0,0
236,0,72,152,1,21.32,12.998,0
44,0,69,39,0,5.74,12.998,1
6,0,64,2,1,22.96,8.9981,1
64,0,57,54,0,14.76,6.0032,1
1,0,88,1,1,17.22,35.0008,1
21,0,61,11,1,25.42,7.0015,0
1,0,47,1,0,8.2,12.998,1
404,0,27,224,1,30.34,27.9993,0
74,0,56,64,1,12.3,11.0014,1
4,0,100,3,1,19.68,0,1
45,0,87,38,1,16.4,23.9994,0
327,0,31,271,1,27.06,7.0015,1
10,0,82,8,1,17.22,0,0
18,0,55,18,0,9.02,19.0012,0
61,0,40,57,0,7.38,15.0013,1
20,0,84,19,1,28.7,0,1
43,0,46,36,1,15.58,26.0027,0
19,0,47,8,1,18.86,8.9981,1
326,1,62,211,0,30.34,8.9981,0
218,0,70,187,1,29.52,8.9981,1
78,0,39,65,0,13.12,0,1
337,0,44,295,0,34.44,19.0012,1
382,0,46,243,1,24.6,6.0032,0
5,0,65,4,1,11.48,15.0013,0
39,0,88,24,0,18.86,19.9995,0
311,0,62,217,1,29.52,8.9981,0
67,0,82,52,0,18.04,19.0012,0
271,0,36,168,0,32.8,0,0
10,0,86,9,0,8.2,0,1
57,0,25,46,0,10.66,16.9979,1
24,0,50,13,1,25.42,7.0015,1
265,0,88,248,1,22.14,15.0013,1
240,0,28,174,1,28.7,19.0012,1
38,0,0,29,0,14.76,22.0028,1
120,0,39,93,0,12.3,31.0009,0
109,0,93,107,0,9.84,7.0015,1
221,0,38,124,0,18.86,26.0027,0
564,0,24,488,1,28.7,19.9995,1
83,0,87,83,0,9.02,0,1
32,0,44,29,0,8.2,30.0026,1
132,0,83,107,1,21.32,15.0013,1
167,0,89,161,0,27.06,30.0026,1
432,0,62,391,0,29.52,8.9981,1
105,0,82,82,1,18.86,0,0
259,0,47,242,1,26.24,7.0015,1
356,0,32,303,1,21.32,30.0026,1
9,0,76,8,1,13.94,0,1
3,0,15,3,0,16.4,22.0028,0
81,0,72,69,1,18.04,19.0012,1
51,0,47,50,0,7.38,7.0015,1
325,0,61,308,1,13.12,15.0013,1
44,0,55,40,0,7.38,12.998,1
69,0,40,67,0,7.38,16.9979,1
94,0,64,80,1,22.14,7.0015,0
1,0,60,1,0,10.66,15.0013,0
331,0,44,253,1,26.24,16.9979,1
138,0,70,108,0,30.34,23.9994,1
50,0,62,43,0,17.22,19.0012,1
205,0,40,194,0,16.4,40.9973,1
99,0,55,97,0,6.56,0,1
36,1,83,19,0,27.06,8.9981,0
130,0,83,99,1,21.32,8.9981,1
269,0,42,185,0,29.52,15.0013,1
13,0,100,9,1,20.5,6.0032,1
23,0,56,19,0,10.66,8.9981,0
111,0,42,72,1,30.34,8.9981,1
68,0,46,62,1,16.4,31.0009,1
84,0,42,57,0,13.94,16.9979,1
34,0,50,23,0,16.4,19.9995,0
51,0,35,45,0,9.02,26.0027,1
202,0,83,176,1,22.96,16.9979,1
191,0,88,138,1,22.14,0,0
41,0,44,41,0,9.84,0,1
57,0,78,45,1,26.24,8.9981,0
119,0,49,83,0,13.94,22.0028,0
11,0,88,8,1,20.5,8.9981,1
23,0,94,17,1,22.14,6.0032,1
167,0,78,133,1,24.6,16.9979,1
164,0,36,115,1,27.88,0,1
22,0,30,22,0,10.66,35.0008,1
143,0,66,87,0,30.34,15.0013,0
376,0,53,182,0,34.44,19.9995,0
59,0,93,52,0,10.66,15.0013,0
140,0,76,128,0,13.12,8.9981,1
167,0,79,110,1,27.88,8.9981,0
59,0,76,44,0,13.12,26.0027,1
115,0,58,102,0,30.34,15.0013,1
35,0,88,26,0,17.22,16.9979,0
28,0,94,17,0,16.4,15.0013,0
3,0,50,3,0,4.92,15.0013,1
289,0,39,240,1,27.06,0,1
104,0,31,86,1,38.54,11.0014,1
128,0,39,98,1,20.5,19.0012,1
24,0,87,19,1,14.76,8.9981,0
11,0,61,8,0,25.42,0,0
6,0,50,6,0,4.92,12.998,0
59,0,37,50,0,8.2,16.9979,1
196,0,36,106,0,18.86,30.0026,0
91,0,75,88,0,8.2,27.9993,1
8,0,93,8,0,12.3,16.9979,1
79,0,34,52,0,15.58,0,1
1,0,80,1,0,8.2,39.0007,1
179,0,57,163,0,14.76,12.998,1
117,0,49,89,0,13.12,16.9979,0
308,0,43,251,0,33.62,12.998,1
92,0,66,65,0,29.52,0,0
60,0,93,58,1,13.12,16.9979,1
87,0,37,82,0,8.2,11.0014,1
277,0,45,252,1,22.14,16.9979,1
13,0,100,8,1,21.32,0,0
10,0,48,9,0,10.66,6.0032,1
432,0,70,400,1,31.16,7.0015,1
35,0,33,34,0,5.74,19.9995,1
34,0,94,33,1,15.58,15.0013,1
5,0,75,4,0,9.02,0,1
12,1,78,4,0,27.06,6.0032,0
151,0,52,113,1,31.16,16.9979,1
125,0,73,97,1,24.6,0,1
210,0,30,135,1,22.96,19.9995,0
12,0,42,12,0,4.1,31.0009,0
155,0,66,124,0,31.16,15.0013,1
569,0,50,484,1,26.24,19.0012,1
75,0,36,58,1,27.88,31.0009,1
235,0,48,162,1,30.34,35.0008,1
22,0,100,18,0,17.22,19.0012,0
8,0,47,8,0,9.02,11.0014,0
256,0,74,187,1,28.7,11.0014,0
7,0,89,7,1,26.24,6.0032,1
98,0,43,86,0,15.58,32.9975,1
136,0,42,116,1,36.9,0,1
190,0,48,161,1,21.32,7.0015,1
56,0,50,54,0,6.56,22.0028,1
70,0,77,58,0,18.04,22.0028,0
115,0,47,84,0,27.88,6.0032,0
181,0,69,133,1,26.24,15.0013,1
102,0,44,95,0,8.2,22.0028,0
216,0,70,207,0,13.12,11.0014,1
290,0,61,262,1,27.06,12.998,1
34,0,100,31,0,8.2,8.9981,0
172,0,88,141,1,22.96,22.0028,1
185,0,37,127,1,28.7,30.0026,1
2,0,40,2,0,14.76,19.9995,1
8,0,67,6,0,18.86,16.9979,1
282,0,77,236,1,22.14,19.0012,1
434,0,43,365,1,24.6,15.0013,1
140,0,58,93,0,29.52,12.998,0
297,0,77,141,1,20.5,15.0013,0
53,0,89,48,0,26.24,7.0015,0
122,0,51,116,0,7.38,0,1
48,0,26,44,0,12.3,36.9974,1
88,0,43,87,0,7.38,12.998,1
284,0,66,225,0,31.16,7.0015,1
266,0,72,153,1,20.5,0,0
108,0,61,97,0,25.42,8.9981,1
13,1,93,13,0,5.74,16.9979,0
46,0,94,33,0,26.24,8.9981,1
12,0,59,12,0,6.56,6.0032,0
6,0,79,4,1,29.52,6.0032,1
1,0,86,1,0,8.2,0,1
228,0,50,206,0,14.76,16.9979,1
151,0,37,131,1,22.96,19.0012,1
456,0,28,268,1,30.34,8.9981,0
167,0,46,125,1,13.94,27.9993,1
198,0,47,126,1,16.4,11.0014,0
84,0,35,78,0,10.66,0,1
83,0,35,79,0,9.02,35.0008,1
54,0,94,42,1,22.96,19.9995,1
42,0,40,31,1,30.34,23.9994,1
39,0,47,39,0,7.38,8.9981,1
61,0,100,59,0,9.02,0,1
131,0,77,84,1,20.5,12.998,0
37,0,39,35,0,4.92,23.9994,0
130,0,83,104,1,22.96,27.9993,1
114,0,57,98,0,14.76,8.9981,1
3,0,27,2,0,8.2,31.0009,1
69,0,51,59,1,30.34,11.0014,1
102,0,50,70,0,14.76,15.0013,1
243,0,54,218,0,27.06,7.0015,1
335,0,69,212,1,26.24,7.0015,0
11,0,37,8,0,15.58,23.9994,1
119,0,59,89,1,20.5,7.0015,0
76,0,65,59,1,28.7,6.0032,0
93,0,37,73,0,16.4,19.9995,0
166,0,34,157,0,8.2,16.9979,1
195,0,43,160,1,24.6,12.998,1
79,0,52,59,0,31.98,0,1
5,0,55,5,0,6.56,7.0015,1
46,0,59,46,0,8.2,19.9995,1
5,0,55,5,0,9.02,0,1
126,0,57,119,0,13.12,7.0015,1
31,0,88,18,1,22.96,0,1
401,0,52,341,1,22.96,8.9981,1
369,0,36,249,1,27.06,8.9981,0
36,0,35,31,0,16.4,19.9995,0
60,0,38,55,0,9.84,19.9995,1
1,0,47,1,0,6.56,26.0027,1
118,0,27,102,0,21.32,31.0009,1
453,0,88,428,1,22.96,19.0012,1
9,0,70,8,1,9.84,11.0014,0
33,0,26,29,0,13.12,36.9974,0
145,0,63,126,1,18.86,8.9981,1
248,0,100,180,1,21.32,6.0032,0
318,0,25,238,0,31.98,12.998,1
193,0,66,182,1,15.58,0,1
142,0,48,108,0,20.5,19.0012,1
194,0,38,120,0,18.86,26.0027,0
188,0,78,172,1,22.96,11.0014,1
63,0,82,61,0,15.58,26.0027,1
154,0,84,130,1,21.32,11.0014,1
9,0,100,8,0,16.4,19.9995,0
47,0,65,25,1,25.42,11.0014,0
517,0,54,464,1,28.7,31.0009,1
2,0,80,0,0,9.02,0,0
51,0,93,42,1,12.3,19.9995,1
5,0,88,5,1,18.04,8.9981,1
139,0,34,92,1,27.88,22.0028,1
22,0,48,22,0,11.48,0,1
65,0,94,63,1,15.58,15.0013,1
388,0,28,338,1,24.6,0,1
140,0,38,85,0,18.04,27.9993,0
3,1,76,3,1,16.4,0,0
69,0,37,64,0,6.56,36.9974,0
21,0,61,20,0,11.48,8.9981,0
143,0,41,103,1,26.24,19.0012,1
82,0,35,77,0,9.02,23.9994,0
32,0,62,24,1,16.4,11.0014,1
93,0,38,70,1,17.22,26.0027,1
62,0,100,44,0,17.22,15.0013,0
13,0,69,7,0,25.42,0,1
62,0,71,57,1,16.4,8.9981,1
457,0,74,421,0,29.52,16.9979,1
146,0,77,82,1,18.86,12.998,0
314,0,62,301,1,18.04,8.9981,1
162,0,78,93,0,27.06,7.0015,0
96,0,40,92,0,8.2,0,1
44,0,47,44,0,8.2,22.0028,1
232,0,48,137,0,30.34,12.998,0
97,0,57,74,0,14.76,19.0012,1
104,0,88,93,1,21.32,11.0014,1
47,0,80,45,0,6.56,6.0032,1
162,0,63,139,1,21.32,6.0032,1
1,0,76,1,0,16.4,12.998,0
118,1,76,92,1,16.4,22.0028,0
2,0,48,2,0,9.84,15.0013,1
70,0,81,65,0,12.3,6.0032,1
154,0,50,153,0,5.74,19.0012,1
107,0,53,92,0,14.76,16.9979,1
188,0,50,184,0,4.92,19.0012,1
124,0,55,116,0,9.02,27.9993,1
118,0,80,115,0,9.02,0,1
23,0,66,19,0,15.58,16.9979,1
38,0,62,35,0,15.58,7.0015,0
205,0,56,195,0,10.66,8.9981,1
394,0,70,323,0,30.34,15.0013,1
3,1,43,2,0,7.38,8.9981,0
63,0,55,61,0,9.02,8.9981,1
136,1,55,95,1,21.32,12.998,0
39,0,65,31,1,12.3,12.998,0
249,0,87,238,0,9.84,8.9981,1
46,0,75,40,0,12.3,11.0014,1
84,0,74,59,1,27.88,7.0015,0
16,0,79,13,1,30.34,7.0015,1
20,0,77,16,1,18.04,8.9981,1
11,0,69,9,0,8.2,6.0032,1
331,0,39,247,0,27.88,11.0014,1
18,0,70,16,1,10.66,7.0015,0
117,0,69,117,0,5.74,8.9981,1
28,0,48,24,1,21.32,23.9994,1
101,0,100,99,1,21.32,8.9981,1
1,0,83,1,0,25.42,12.998,0
69,0,51,66,0,8.2,11.0014,1
5,0,54,5,0,4.1,11.0014,1
120,0,31,90,0,13.94,19.0012,0
112,0,28,110,0,5.74,7.0015,1
59,0,77,43,1,18.04,8.9981,0
164,0,27,131,1,31.16,0,1
60,0,69,55,1,26.24,6.0032,1
296,0,58,266,1,17.22,23.9994,1
244,0,62,176,1,29.52,12.998,0
11,0,79,4,0,28.7,16.9979,1
28,0,51,22,0,7.38,11.0014,0
85,0,53,56,1,13.94,19.0012,0
90,0,41,87,0,9.02,7.0015,1
70,0,74,70,0,4.1,11.0014,1
106,0,45,98,1,22.14,19.9995,1
139,0,59,131,0,19.68,22.0028,1
186,0,41,163,0,33.62,12.998,1
126,0,22,99,0,22.96,30.0026,1
360,0,59,218,1,32.8,19.9995,0
294,0,73,241,1,24.6,12.998,1
135,0,39,103,0,12.3,27.9993,0
83,0,36,54,0,13.12,19.0012,0
25,0,51,24,0,7.38,11.0014,0
183,0,83,83,0,27.06,12.998,0
224,0,46,189,1,25.42,23.9994,1
173,0,39,111,0,27.88,23.9994,1
326,0,51,227,1,30.34,7.0015,0
104,0,41,75,0,9.84,19.0012,0
115,0,37,109,0,9.02,22.0028,1
89,0,66,86,1,13.94,16.9979,1
21,0,93,20,1,20.5,12.998,1
8,0,88,4,1,23.78,7.0015,1
10,0,88,5,1,25.42,15.0013,0
190,0,76,93,1,13.12,22.0028,0
337,0,24,286,1,28.7,12.998,1
341,0,30,214,1,30.34,11.0014,0
322,0,78,202,1,24.6,15.0013,0
151,0,54,114,1,29.52,16.9979,1
6,0,94,5,1,22.96,7.0015,1
290,0,61,217,1,25.42,22.0028,1
169,0,66,107,0,30.34,6.0032,0
10,0,76,9,1,15.58,15.0013,1
55,0,39,52,0,5.74,19.9995,0
117,0,28,82,0,18.86,27.9993,1
10,0,62,6,0,12.3,6.0032,1
215,0,52,142,1,31.16,12.998,1
76,0,30,67,0,10.66,16.9979,1
78,0,51,66,0,9.02,11.0014,1
30,0,78,16,1,27.06,8.9981,0
55,0,86,53,0,8.2,0,1
513,0,55,454,1,24.6,11.0014,1
467,0,32,442,1,28.7,19.9995,1
237,0,54,211,0,18.04,15.0013,1
423,1,49,181,0,31.98,0,0
149,0,46,103,0,25.42,8.9981,1
4,0,69,4,0,9.02,12.998,1
14,0,88,14,1,21.32,8.9981,1
84,0,69,76,0,8.2,8.9981,1
21,0,93,17,0,13.12,11.0014,1
112,0,57,108,0,13.12,27.9993,1
19,0,49,12,0,12.3,27.9993,1
11,0,100,8,0,11.48,27.9993,0
54,0,93,43,1,12.3,16.9979,1
84,0,41,71,0,9.02,16.9979,0
344,0,34,202,1,29.52,16.9979,0
2,0,46,1,0,13.94,15.0013,1
237,0,63,221,1,19.68,16.9979,1
321,0,62,293,1,18.04,26.0027,1
178,0,47,136,1,26.24,11.0014,1
105,0,32,103,0,8.2,23.9994,1
41,0,89,29,1,27.06,8.9981,1
145,0,31,99,1,31.98,8.9981,1
31,0,14,21,0,18.86,27.9993,0
87,0,59,87,0,5.74,0,1
52,0,51,51,0,9.02,19.0012,1
189,0,68,177,1,22.14,15.0013,1
4,0,89,4,1,27.88,15.0013,1
55,0,33,46,0,18.04,15.0013,1
8,0,66,5,1,14.76,30.0026,0
93,0,30,80,0,17.22,23.9994,1
60,0,48,41,0,10.66,30.0026,1
280,0,63,225,1,32.8,8.9981,1
51,0,40,41,0,8.2,22.0028,1
33,0,88,27,1,20.5,31.0009,0
196,0,34,169,1,21.32,23.9994,1
4,0,93,4,1,14.76,6.0032,0
5,0,69,5,0,9.02,15.0013,1
188,0,83,154,1,25.42,16.9979,1
56,0,29,49,0,7.38,12.998,1
2,0,64,2,0,9.02,0,1
27,0,73,19,1,24.6,16.9979,0
241,0,56,217,0,12.3,8.9981,1
16,0,74,12,1,27.88,8.9981,0
167,0,35,161,0,9.84,22.0028,1
7,0,81,6,0,12.3,15.0013,1
304,0,39,155,0,19.68,22.0028,0
103,0,77,87,1,22.14,12.998,1
211,0,34,178,1,28.7,15.0013,1
312,0,79,288,0,29.52,0,1
21,0,87,20,0,13.12,11.0014,1
10,0,61,5,0,28.7,19.0012,1
112,0,48,110,0,9.84,7.0015,1
31,0,50,31,0,5.74,19.9995,1
391,0,26,338,1,27.88,19.0012,1
90,0,55,81,1,21.32,19.0012,1
51,0,40,48,0,7.38,7.0015,1
160,0,41,121,0,35.26,16.9979,1
57,0,75,49,0,12.3,16.9979,1
157,0,43,111,1,22.96,6.0032,1
16,0,81,16,1,13.94,7.0015,1
172,0,36,117,0,27.06,22.0028,1
315,0,56,219,1,33.62,16.9979,0
11,0,0,5,0,16.4,16.9979,1
45,0,56,38,0,11.48,7.0015,0
550,0,29,480,1,26.24,8.9981,1
68,0,23,62,0,9.84,0,1
147,0,68,119,1,22.14,15.0013,1
35,0,42,34,0,4.92,19.9995,1
107,0,61,102,0,13.12,16.9979,1
145,0,29,103,0,13.94,27.9993,0
191,0,61,148,1,25.42,15.0013,1
24,0,88,21,1,22.96,6.0032,1
150,0,61,117,1,27.88,19.9995,1
353,0,74,329,1,27.06,7.0015,1
4,0,73,4,1,22.96,6.0032,1
239,0,56,182,0,35.26,26.0027,1
28,0,60,17,1,22.14,0,0
17,0,0,17,0,16.4,11.0014,1
33,0,87,28,1,14.76,19.0012,0
72,0,100,62,0,9.02,11.0014,0
52,0,93,52,0,6.56,0,1
137,0,81,81,1,13.94,8.9981,0
276,0,64,220,1,24.6,12.998,1
556,0,31,500,1,31.16,8.9981,1
27,1,80,24,0,6.56,12.998,0
13,0,69,7,1,27.88,11.0014,1
185,0,70,130,0,31.16,19.0012,1
2,0,50,2,0,6.56,19.9995,1
122,0,47,86,0,17.22,16.9979,0
420,0,66,258,1,30.34,6.0032,0
156,0,61,143,0,12.3,19.0012,1
121,0,74,102,0,27.88,12.998,1
130,0,78,94,1,26.24,15.0013,0
89,0,47,82,0,9.02,11.0014,1
65,0,38,63,0,9.84,32.9975,1
331,1,63,267,1,20.5,26.0027,0
17,0,77,8,1,18.04,11.0014,1
17,0,60,13,1,23.78,0,1
171,0,35,145,1,25.42,0,1
1,0,65,1,0,9.84,16.9979,0
26,0,94,24,1,19.68,0,1
82,0,62,46,0,15.58,0,0
92,0,79,53,0,27.88,15.0013,0
3,0,47,3,0,6.56,19.0012,1
51,0,41,42,0,10.66,0,0
4,0,52,4,0,10.66,8.9981,1
127,0,69,91,1,26.24,23.9994,1
7,0,59,3,1,18.86,8.9981,0
104,0,88,73,1,22.14,16.9979,1
300,1,62,279,1,18.04,19.9995,0
363,0,36,217,0,34.44,15.0013,0
188,0,78,125,1,22.96,11.0014,1
154,0,29,92,0,15.58,23.9994,0
190,0,57,141,1,26.24,15.0013,0
39,0,77,27,0,17.22,19.0012,0
32,0,81,31,0,10.66,19.0012,1
38,0,94,21,1,21.32,7.0015,1
70,0,70,64,0,12.3,15.0013,1
337,0,58,190,1,30.34,11.0014,0
242,0,34,230,0,13.94,6.0032,1
98,0,59,90,0,8.2,23.9994,0
214,0,59,204,0,8.2,26.0027,1
16,0,77,7,1,18.04,8.9981,1
17,0,54,17,0,4.1,0,1
4,0,88,1,1,21.32,15.0013,1
197,0,57,190,0,14.76,22.0028,1
48,0,64,48,0,9.02,0,1
119,0,78,100,1,27.06,15.0013,0
180,0,33,152,1,26.24,6.0032,1
51,0,46,35,0,23.78,23.9994,0
8,0,39,7,0,22.14,22.0028,0
275,0,70,218,0,31.16,16.9979,1
42,0,76,35,1,14.76,19.0012,1
2,0,88,2,1,20.5,32.9975,1
75,0,81,62,0,14.76,8.9981,1
4,0,100,4,0,8.2,0,0
288,0,72,153,1,21.32,11.0014,0
601,0,39,529,1,28.7,22.0028,1
173,0,70,162,1,13.12,23.9994,1
212,0,77,191,1,20.5,19.0012,1
115,0,34,80,1,20.5,27.9993,1
337,0,30,290,1,22.96,0,1
6,0,53,6,0,13.94,15.0013,1
175,0,62,160,1,18.04,16.9979,1
1,0,76,1,1,13.94,11.0014,1
59,0,94,44,1,22.14,15.0013,0
170,0,58,126,1,28.7,12.998,1
4,0,94,2,1,22.14,16.9979,1
394,0,73,366,1,22.96,19.9995,1
163,0,66,113,0,31.16,19.0012,1
12,0,43,12,1,22.96,15.0013,1
14,0,76,12,1,13.94,6.0032,1
272,0,78,230,1,26.24,7.0015,1
59,0,63,42,1,19.68,0,0
1,0,67,1,0,18.86,16.9979,1
236,0,74,194,0,29.52,27.9993,1
106,0,72,71,0,18.86,19.0012,0
184,0,73,123,1,25.42,31.0009,1
113,0,38,78,0,10.66,16.9979,0
164,0,78,111,1,24.6,12.998,0
265,0,39,218,0,35.26,15.0013,1
16,0,50,14,1,14.76,23.9994,0
141,0,87,136,0,10.66,16.9979,1
121,0,54,111,0,17.22,19.9995,1
10,0,80,7,0,4.92,0,0
47,0,66,41,0,30.34,7.0015,1
68,0,52,55,0,9.84,19.0012,1
17,0,88,16,1,18.86,15.0013,1
184,0,54,95,1,15.58,23.9994,0
30,0,50,30,0,5.74,26.0027,1
57,0,39,51,0,13.12,15.0013,0
8,0,100,8,0,13.94,7.0015,1
3,0,63,2,0,5.74,7.0015,0
52,0,93,46,1,13.94,23.9994,1
38,0,88,36,1,19.68,22.0028,1
409,0,37,355,1,36.9,16.9979,1
30,0,36,26,0,5.74,16.9979,0
19,0,46,19,0,4.92,35.0008,0
586,0,37,510,1,28.7,23.9994,1
219,0,59,216,0,6.56,0,1
9,0,74,8,0,6.56,7.0015,0
525,0,22,451,1,30.34,26.0027,1
170,0,51,152,1,18.86,8.9981,1
65,0,57,58,0,13.94,12.998,0
1,0,74,0,0,7.38,12.998,1
344,0,40,262,1,24.6,16.9979,1
5,0,100,5,0,17.22,30.0026,0
35,0,87,33,1,13.94,0,1
40,0,41,39,0,10.66,15.0013,0
16,0,56,13,0,10.66,6.0032,0
6,0,94,5,1,17.22,0,1
414,0,53,219,0,34.44,19.9995,0
378,0,48,257,1,31.16,0,0
50,0,40,43,0,8.2,16.9979,1
514,0,56,455,0,35.26,27.9993,1
78,0,100,64,0,9.84,19.0012,0
164,0,88,111,1,22.14,11.0014,1
3,0,70,3,0,10.66,23.9994,1
314,0,88,286,1,21.32,19.0012,1
203,0,62,166,1,18.04,11.0014,1
55,0,65,36,0,28.7,11.0014,1
34,0,60,30,0,10.66,8.9981,0
18,0,59,18,0,5.74,11.0014,1
90,0,43,66,0,15.58,19.0012,1
285,0,39,206,1,28.7,6.0032,0
153,0,37,128,1,31.16,11.0014,1
26,0,74,21,0,27.06,8.9981,1
89,0,46,75,1,25.42,12.998,1
190,0,67,130,0,18.86,19.0012,0
102,0,34,92,0,13.94,6.0032,1
96,0,83,55,1,22.96,19.9995,1
217,0,38,170,1,24.6,0,1
2,0,81,2,1,13.94,8.9981,1
78,0,54,69,0,18.04,22.0028,1
86,0,58,64,0,16.4,7.0015,0
53,0,94,49,1,18.04,15.0013,0
21,0,93,13,1,12.3,11.0014,0
46,0,87,44,1,14.76,32.9975,1
64,0,38,60,0,11.48,22.0028,0
142,0,31,85,1,24.6,6.0032,1
208,0,78,159,1,26.24,6.0032,1
6,0,61,5,1,25.42,8.9981,0
296,0,58,218,1,30.34,6.0032,0
29,0,94,27,1,17.22,8.9981,1
159,0,41,106,1,27.06,19.9995,1
156,0,59,128,1,21.32,8.9981,1
4,0,66,4,1,13.94,16.9979,1
71,0,29,68,0,13.94,31.0009,1
125,0,46,99,1,24.6,15.0013,1
13,0,100,12,1,22.14,0,1
118,0,56,111,0,12.3,22.0028,1
13,0,82,9,1,16.4,6.0032,0
87,0,70,78,0,12.3,12.998,1
155,0,40,154,0,8.2,15.0013,1
172,0,77,131,1,20.5,19.0012,1
86,0,32,72,0,15.58,22.0028,1
268,0,55,167,0,31.16,12.998,0
128,0,83,97,1,26.24,8.9981,0
112,0,54,86,0,17.22,6.0032,0
243,0,56,236,0,9.84,32.9975,1
53,0,65,44,0,10.66,11.0014,0
201,0,83,176,1,25.42,22.0028,1
259,0,70,244,0,11.48,16.9979,1
410,0,60,345,1,23.78,8.9981,1
70,0,94,46,1,22.14,8.9981,0
122,0,42,121,0,4.92,23.9994,1
7,0,93,6,0,9.84,40.9973,0
1,0,93,1,0,9.02,19.0012,1
166,0,41,119,0,35.26,16.9979,1
14,0,49,12,0,4.1,7.0015,1
112,0,76,102,0,13.94,22.0028,1
29,0,66,28,1,16.4,15.0013,1
552,0,40,467,1,31.16,12.998,1
213,0,70,164,0,31.16,19.0012,1
9,0,44,9,0,9.84,19.9995,0
10,0,66,8,0,15.58,11.0014,1
97,0,57,82,1,30.34,11.0014,1
218,0,45,149,0,28.7,12.998,1
466,0,39,414,1,36.08,19.0012,1
213,0,88,189,1,22.96,8.9981,1
78,0,77,54,1,19.68,35.0008,1
115,0,75,84,1,31.16,16.9979,1
13,0,76,10,1,13.94,11.0014,1
95,0,32,78,0,16.4,19.9995,0
87,0,93,66,1,14.76,8.9981,0
119,0,18,81,0,18.04,32.9975,0
223,0,32,213,0,8.2,23.9994,1
2,0,94,2,1,16.4,22.0028,1
178,0,56,142,1,22.14,11.0014,1
9,0,63,9,1,21.32,15.0013,1
264,0,52,177,0,31.16,11.0014,0
317,0,38,202,1,26.24,7.0015,0
370,0,60,348,1,22.14,8.9981,1
99,0,49,95,0,2.46,7.0015,1
5,0,58,4,1,18.04,8.9981,1
44,0,70,40,0,12.3,12.998,1
2,0,50,2,0,5.74,19.0012,1
419,0,79,340,0,28.7,7.0015,1
367,0,46,214,1,33.62,8.9981,0
4,0,78,4,1,27.06,11.0014,1
7,0,74,7,0,6.56,8.9981,1
213,0,44,114,0,18.86,22.0028,0
134,0,41,106,1,34.44,12.998,1
57,0,51,55,0,8.2,7.0015,1
258,0,43,209,0,33.62,7.0015,1
244,0,41,144,0,18.86,30.0026,0
182,0,42,175,0,13.94,36.9974,1
31,0,94,27,1,17.22,30.0026,0
34,0,42,33,0,4.92,7.0015,1
349,0,26,286,1,29.52,22.0028,1
200,1,55,155,1,21.32,19.0012,0
1,0,31,1,0,6.56,32.9975,1
123,0,27,76,1,30.34,32.9975,1
152,0,71,138,0,13.94,19.0012,1
75,0,72,60,1,20.5,15.0013,1
80,0,66,51,1,15.58,15.0013,1
29,0,12,23,0,19.68,32.9975,0
43,0,64,41,0,8.2,6.0032,1
64,0,47,52,0,9.02,8.9981,1
99,0,76,81,0,16.4,8.9981,1
127,0,80,124,0,6.56,8.9981,1
480,0,69,426,1,24.6,19.9995,1
111,0,42,110,0,4.92,27.9993,1
8,0,89,7,0,27.06,12.998,1
127,0,37,100,1,22.96,6.0032,1
134,0,64,129,0,9.02,31.0009,1
153,0,55,114,1,18.86,0,1
118,0,35,95,0,10.66,19.9995,0
224,0,43,169,1,25.42,8.9981,0
72,0,72,60,0,18.04,22.0028,0
24,0,70,19,1,10.66,8.9981,0
84,0,93,78,0,11.48,30.0026,0
274,0,88,227,1,23.78,15.0013,1
258,0,34,225,1,20.5,11.0014,1
124,0,42,91,0,36.9,19.9995,1
68,0,50,48,0,27.06,0,1
68,0,58,50,1,29.52,12.998,0
76,0,53,50,0,24.6,16.9979,0
95,0,40,65,0,14.76,19.0012,1
11,0,46,11,0,4.1,31.0009,0
470,0,52,385,1,22.14,23.9994,1
227,0,62,162,0,30.34,16.9979,0
26,0,54,26,0,4.92,19.0012,1
79,0,37,72,0,8.2,16.9979,1
569,0,36,489,0,35.26,16.9979,1
18,0,72,17,1,18.86,12.998,1
75,0,66,63,1,13.12,19.0012,1
97,0,31,93,0,5.74,6.0032,1
304,0,31,129,0,20.5,26.0027,0
7,0,54,7,1,17.22,0,1
94,0,50,74,1,35.26,19.0012,1
5,0,47,5,0,8.2,12.998,1
130,0,79,109,0,28.7,27.9993,1
92,0,74,64,1,28.7,0,0
75,0,58,68,0,16.4,16.9979,1
17,0,100,14,1,21.32,8.9981,0
34,0,75,31,0,8.2,26.0027,1
109,0,55,68,1,21.32,7.0015,1
31,0,49,18,1,24.6,12.998,1
67,0,40,56,0,8.2,11.0014,0
390,0,51,264,1,30.34,0,0
89,0,61,72,1,13.12,23.9994,1
231,0,83,153,1,22.96,7.0015,0
145,0,54,85,1,29.52,23.9994,1
46,0,87,42,1,16.4,12.998,1
232,0,70,146,1,28.7,12.998,0
351,0,49,245,1,23.78,19.0012,0
4,0,75,2,0,9.02,16.9979,0
416,0,37,362,1,28.7,19.0012,1
378,0,36,246,0,33.62,7.0015,0
20,0,65,15,1,26.24,6.0032,1
195,0,49,123,0,22.96,23.9994,1
7,0,63,2,1,18.86,15.0013,1
155,0,93,154,0,9.02,15.0013,1
93,0,53,84,1,13.12,8.9981,1
472,0,53,415,0,35.26,26.0027,1
428,0,44,380,0,36.08,19.0012,1
22,0,79,19,0,28.7,8.9981,1
16,0,83,16,1,22.96,15.0013,1
114,0,72,73,1,18.86,8.9981,1
9,0,100,9,1,21.32,15.0013,1
19,0,78,12,1,27.06,0,0
134,0,46,114,1,25.42,15.0013,1
27,0,65,18,0,16.4,12.998,1
3,0,41,2,0,11.48,46.0022,1
306,0,55,178,0,31.16,11.0014,0
273,0,38,246,1,17.22,27.9993,1
141,0,63,102,0,32.8,23.9994,1
169,0,77,154,0,17.22,12.998,1
136,0,47,104,0,35.26,15.0013,1
63,0,59,60,0,8.2,6.0032,1
98,0,76,84,0,13.12,16.9979,1
55,0,79,44,0,28.7,8.9981,1
347,0,43,215,1,22.96,0,0
176,0,75,139,1,31.16,11.0014,1
284,0,51,211,1,29.52,30.0026,1
7,0,93,7,0,9.02,6.0032,1
266,0,47,227,1,35.26,19.9995,1
158,0,53,107,0,13.94,19.0012,0
1,0,59,1,0,5.74,15.0013,1
354,0,40,216,1,23.78,15.0013,0
115,0,52,96,1,21.32,12.998,0
120,0,16,81,0,18.04,43.0006,0
43,0,45,43,0,2.46,0,1
538,0,51,473,1,25.42,22.0028,1
3,0,41,3,1,27.06,12.998,1
107,0,51,94,1,20.5,26.0027,1
121,0,46,97,0,13.94,0,0
103,0,93,69,0,13.94,12.998,0
16,0,81,13,0,9.84,0,0
281,0,72,133,1,20.5,12.998,0
5,0,69,3,0,8.2,8.9981,0
293,0,29,236,1,26.24,11.0014,1
161,0,46,114,0,13.94,6.0032,0
7,0,54,6,0,4.1,6.0032,1
5,0,88,3,1,20.5,11.0014,1
48,0,47,30,1,26.24,15.0013,1
98,0,83,78,0,27.88,15.0013,1
98,0,46,96,0,13.94,19.9995,1
49,0,94,49,1,21.32,16.9979,1
116,0,68,95,1,21.32,6.0032,1
233,0,88,215,1,20.5,12.998,1
310,0,59,260,0,18.86,11.0014,1
38,0,47,34,0,8.2,7.0015,1
146,0,72,134,1,20.5,16.9979,1
52,0,88,37,1,20.5,8.9981,0
52,0,53,43,0,26.24,0,0
202,0,22,185,0,10.66,0,1
54,0,33,46,0,5.74,31.0009,1
6,0,87,4,1,16.4,11.0014,1
57,0,62,49,1,14.76,15.0013,1
217,0,62,195,0,14.76,12.998,1
318,0,72,293,1,19.68,12.998,1
39,0,94,31,1,16.4,16.9979,1
1,0,56,1,0,10.66,11.0014,0
77,0,50,75,0,4.92,15.0013,1
44,0,100,33,1,21.32,12.998,0
62,0,68,50,1,22.96,22.0028,1
438,0,73,410,1,26.24,6.0032,1
220,0,39,216,0,5.74,19.9995,1
141,0,64,123,1,22.96,6.0032,1
99,0,82,93,1,18.86,8.9981,1
250,0,41,106,0,18.86,19.9995,0
32,0,93,32,0,6.56,12.998,1
81,0,88,69,1,18.86,16.9979,1
25,0,87,24,1,13.94,15.0013,1
11,0,55,11,0,7.38,0,1
39,0,100,27,0,18.04,15.0013,0
198,0,88,142,1,21.32,11.0014,1
1,0,100,1,1,16.4,19.9995,1
217,0,61,169,1,27.88,32.9975,1
176,0,33,134,1,25.42,0,1
193,0,46,174,1,25.42,12.998,1
134,0,88,124,1,19.68,22.0028,1
5,0,65,2,0,27.88,6.0032,0
194,0,46,150,0,32.8,8.9981,1
31,0,50,22,1,16.4,6.0032,0
41,0,93,41,0,9.02,7.0015,1
551,0,46,479,1,31.98,19.0012,1
396,0,55,255,1,30.34,6.0032,0
7,0,62,1,1,17.22,7.0015,1
2,0,66,1,0,13.94,11.0014,1
17,0,74,10,0,27.06,0,0
106,0,40,101,0,8.2,16.9979,1
41,0,51,39,0,7.38,6.0032,1
151,0,41,140,0,10.66,11.0014,1
270,0,83,225,0,27.06,6.0032,1
224,0,77,203,1,18.04,15.0013,1
40,0,93,35,1,13.94,23.9994,1
404,0,30,226,0,33.62,7.0015,0
185,0,24,142,1,31.98,22.0028,1
238,1,66,96,0,29.52,6.0032,0
103,0,64,84,1,22.14,6.0032,1
149,1,71,139,1,16.4,11.0014,0
62,0,93,54,1,13.12,16.9979,1
3,0,50,3,0,5.74,22.0028,1
45,0,100,34,0,12.3,19.9995,0
332,0,63,209,1,20.5,11.0014,0
101,0,50,73,0,14.76,23.9994,0
15,0,57,5,1,25.42,27.9993,1
125,0,28,95,0,17.22,22.0028,0
222,0,82,202,1,16.4,0,1
1,0,50,1,0,4.92,15.0013,1
2,0,56,1,0,10.66,11.0014,0
6,0,79,6,0,28.7,0,1
31,0,70,30,0,9.84,8.9981,1
5,0,56,4,1,24.6,6.0032,1
71,0,78,50,0,27.06,12.998,0
16,0,86,16,0,5.74,12.998,1
5,0,83,3,1,23.78,8.9981,1
150,0,57,121,1,26.24,0,0
13,0,76,13,0,13.12,7.0015,1
49,0,66,38,0,15.58,6.0032,0
14,0,0,11,0,18.04,15.0013,1
188,0,60,159,1,23.78,15.0013,1
224,0,58,196,1,28.7,12.998,1
104,0,55,82,1,19.68,7.0015,1
12,0,0,11,0,17.22,15.0013,1
228,0,74,222,0,7.38,8.9981,1
71,0,47,64,0,9.02,8.9981,1
192,0,52,162,1,22.96,19.9995,1
237,0,78,177,1,22.96,16.9979,0
253,0,54,216,0,18.04,19.9995,1
168,0,49,148,1,34.44,0,1
12,0,64,11,0,9.02,12.998,0
335,0,69,214,1,26.24,7.0015,0
57,0,37,53,0,9.02,22.0028,1
69,0,40,67,0,8.2,23.9994,1
388,0,69,364,1,24.6,8.9981,1
209,1,77,168,1,17.22,26.0027,0
35,0,48,34,0,10.66,11.0014,1
125,0,82,124,0,9.02,12.998,1
20,0,44,20,0,9.02,6.0032,1
93,0,52,69,1,22.96,0,0
64,0,51,61,0,9.02,11.0014,1
170,0,47,168,0,7.38,19.9995,1
92,0,64,83,1,22.96,31.0009,1
420,0,46,244,1,33.62,0,0
160,0,43,148,1,14.76,19.9995,1
22,0,74,12,0,28.7,11.0014,1
31,0,44,20,0,10.66,22.0028,0
106,0,88,73,1,22.14,19.0012,1
160,0,28,157,0,6.56,8.9981,1
93,0,66,73,0,14.76,19.9995,0
71,1,51,67,0,8.2,12.998,0
70,0,71,54,0,14.76,16.9979,0
13,0,50,9,0,16.4,22.0028,0
332,0,37,237,0,28.7,22.0028,1
9,0,87,8,1,14.76,22.0028,1
134,0,41,112,1,18.04,16.9979,1
7,0,52,2,0,9.84,6.0032,1
95,0,72,78,0,18.04,15.0013,1
211,0,44,120,1,17.22,30.0026,0
11,0,100,8,0,14.76,19.0012,0
294,0,69,258,1,27.06,12.998,1
33,0,64,31,0,6.56,8.9981,0
172,0,51,163,0,9.02,11.0014,1
52,0,27,47,0,9.84,19.0012,1
3,0,89,1,1,26.24,6.0032,1
9,0,65,9,0,10.66,6.0032,1
313,0,29,143,0,20.5,27.9993,0
163,1,52,106,1,22.14,16.9979,0
138,1,70,94,0,29.52,7.0015,0
1,0,80,0,0,8.2,35.0008,1
20,0,87,17,1,12.3,8.9981,0
129,0,51,107,1,19.68,27.9993,1
607,0,32,527,1,29.52,8.9981,1
355,0,45,286,1,31.16,11.0014,1
368,0,59,297,0,32.8,8.9981,1
151,0,88,107,1,22.14,0,0
46,0,33,34,0,10.66,22.0028,1
254,0,43,214,1,32.8,12.998,1
35,0,80,32,0,9.02,12.998,1
285,0,58,224,0,31.16,23.9994,1
159,0,61,127,1,28.7,19.9995,1
182,0,44,101,0,17.22,32.9975,0
134,0,53,94,0,35.26,19.0012,1
2,0,69,2,0,9.02,12.998,1
62,0,60,57,0,10.66,0,0
165,0,26,159,0,7.38,12.998,1
41,0,61,38,0,11.48,12.998,1
154,0,58,117,1,28.7,30.0026,1
227,0,37,174,1,28.7,0,1
81,0,76,63,1,16.4,12.998,1
176,0,55,149,0,31.98,32.9975,1
422,0,24,324,0,32.8,16.9979,1
44,0,50,36,0,16.4,27.9993,0
13,0,50,7,1,25.42,6.0032,1
367,0,65,213,1,27.06,7.0015,0
135,0,47,108,1,26.24,11.0014,1
97,0,94,89,1,22.96,0,1
336,0,61,277,1,27.88,8.9981,1
25,0,64,18,1,24.6,12.998,1
12,0,55,12,0,8.2,12.998,1
3,0,100,3,1,12.3,16.9979,0
286,0,46,244,1,22.96,16.9979,1
33,0,47,33,0,8.2,15.0013,1
153,0,49,134,0,13.12,22.0028,1
55,0,61,41,1,13.12,19.9995,0
41,0,38,39,0,11.48,11.0014,0
14,0,79,8,0,28.7,6.0032,1
81,0,57,67,0,13.12,19.9995,1
196,0,62,85,1,15.58,22.0028,0
75,0,93,65,1,14.76,8.9981,0
155,0,33,141,1,26.24,16.9979,1
77,0,8,61,0,21.32,19.0012,1
56,0,88,49,1,22.14,16.9979,1
152,0,83,130,1,21.32,8.9981,1
93,0,44,70,0,9.84,16.9979,0
457,1,62,262,0,30.34,7.0015,0
111,0,46,81,1,13.94,27.9993,1
267,0,33,233,1,31.16,8.9981,1
61,0,35,53,0,9.84,19.0012,1
82,0,28,65,0,18.86,27.9993,1
120,0,49,94,1,22.14,12.998,0
189,0,22,130,1,31.16,35.0008,1
4,0,93,4,1,9.84,16.9979,1
89,0,46,81,1,13.94,35.0008,1
39,0,47,24,1,18.86,6.0032,1
112,0,38,83,1,18.86,32.9975,1
379,0,23,321,1,29.52,19.9995,1
1,0,93,1,0,11.48,11.0014,1
86,1,43,74,0,7.38,7.0015,0
167,0,83,92,0,27.06,11.0014,0
32,0,100,28,1,19.68,0,0
99,0,50,99,0,4.1,27.9993,1
41,0,39,35,0,13.12,16.9979,0
287,0,55,177,0,31.98,12.998,0
72,0,30,58,0,10.66,16.9979,1
61,0,68,45,1,20.5,6.0032,1
14,0,65,14,0,9.84,12.998,0
2,0,93,2,0,13.12,6.0032,1
40,0,82,34,1,20.5,27.9993,1
64,0,52,53,0,12.3,11.0014,1
90,0,44,71,0,18.04,16.9979,1
1,0,69,1,0,8.2,15.0013,1
70,0,76,66,1,13.94,7.0015,1
45,0,44,39,0,9.84,6.0032,0
88,0,25,67,0,14.76,30.0026,0
84,0,86,84,0,5.74,11.0014,1
301,0,34,127,0,20.5,31.0009,0
18,0,59,10,1,21.32,7.0015,0
49,0,47,48,0,8.2,27.9993,1
284,0,45,148,0,31.16,19.0012,0
289,0,37,175,1,23.78,11.0014,0
387,0,55,237,1,32.8,12.998,0
23,0,88,15,1,22.14,15.0013,1
10,0,69,8,0,8.2,7.0015,1
69,0,65,61,1,28.7,15.0013,1
20,0,93,20,0,6.56,7.0015,0
37,0,88,31,0,17.22,16.9979,0
1,0,43,1,0,7.38,16.9979,1
11,0,65,7,0,10.66,7.0015,1
90,0,21,71,0,22.96,43.9989,1
6,0,55,6,0,6.56,8.9981,1
169,0,51,147,1,20.5,12.998,1
17,0,53,16,0,13.94,12.998,1
12,0,0,12,0,14.76,22.0028,1
63,0,93,48,0,13.12,15.0013,0
39,0,70,36,0,9.84,11.0014,0
33,0,78,22,1,27.06,11.0014,0
25,0,43,20,0,22.96,15.0013,0
62,0,69,60,0,8.2,26.0027,0
452,0,48,352,1,30.34,35.0008,1
2,0,93,1,0,4.92,12.998,0
47,0,40,47,0,8.2,15.0013,1
58,0,94,49,1,18.86,35.0008,0
35,0,87,32,0,9.02,11.0014,1
26,0,58,22,0,30.34,12.998,1
178,0,49,112,0,32.8,11.0014,1
134,0,47,125,0,8.2,19.9995,1
64,0,75,61,0,9.84,8.9981,1
6,0,94,5,1,21.32,15.0013,1
274,0,28,126,1,18.86,8.9981,0
65,0,52,48,0,11.48,16.9979,1
216,0,88,176,1,22.14,6.0032,1
44,0,82,28,1,20.5,19.0012,1
212,0,28,156,1,28.7,19.0012,1
45,0,40,43,0,8.2,15.0013,1
116,0,93,114,0,6.56,0,1
107,0,10,88,0,22.14,16.9979,1
2,0,83,2,1,22.14,19.0012,1
7,0,76,5,1,14.76,7.0015,0
24,0,0,23,0,16.4,15.0013,1
108,0,81,105,0,9.84,8.9981,1
121,0,79,112,0,28.7,6.0032,1
47,0,79,40,1,30.34,8.9981,1
268,0,55,173,0,31.16,8.9981,0
162,1,52,112,1,22.14,30.0026,0
278,0,24,227,1,28.7,31.0009,1
16,0,62,12,0,16.4,16.9979,1
386,0,23,308,1,29.52,32.9975,1
123,0,34,108,0,22.14,15.0013,1
15,0,88,11,0,25.42,11.0014,0
110,0,47,102,0,8.2,0,1
61,0,100,59,1,18.86,15.0013,1
110,0,77,70,0,18.04,19.9995,0
171,0,41,139,0,34.44,0,1
25,0,42,24,0,4.1,26.0027,0
23,0,82,15,1,18.86,0,0
220,0,74,144,1,27.06,15.0013,0
2,0,77,2,0,17.22,19.9995,0
75,0,66,64,0,14.76,8.9981,0
124,0,55,119,0,21.32,26.0027,1
136,0,49,120,1,13.94,22.0028,1
206,0,83,144,1,27.06,11.0014,0
20,0,46,19,0,5.74,27.9993,0
125,0,52,86,0,33.62,11.0014,1
133,0,80,132,0,9.02,11.0014,1
148,0,53,108,0,34.44,19.0012,1
1,0,56,1,0,10.66,11.0014,0
553,0,40,470,1,23.78,23.9994,1
108,0,27,82,0,15.58,11.0014,1
59,0,44,57,0,9.02,6.0032,1
125,0,42,95,0,21.32,16.9979,1
129,0,66,98,0,29.52,0,1
3,0,94,3,0,25.42,6.0032,0
226,0,59,192,1,18.86,19.9995,1
14,0,87,9,1,14.76,11.0014,0
77,0,36,56,0,13.12,27.9993,1
43,0,70,41,0,9.84,11.0014,1
95,0,59,95,0,6.56,0,1
69,0,41,55,0,10.66,26.0027,1
202,0,44,177,0,35.26,19.0012,1
204,0,39,137,0,27.88,19.0012,1
71,0,33,46,0,12.3,12.998,1
35,0,77,19,1,18.04,15.0013,1
13,0,67,5,1,18.86,19.0012,1
217,0,58,190,1,29.52,15.0013,1
47,0,65,36,0,12.3,6.0032,1
7,0,82,6,1,20.5,19.0012,1
140,0,74,132,0,4.92,15.0013,1
56,0,0,51,0,18.04,39.0007,1
148,0,93,138,1,13.12,16.9979,1
3,0,60,3,1,22.14,16.9979,1
6,0,94,4,1,20.5,0,1
3,1,82,3,1,15.58,6.0032,0
5,0,79,4,0,28.7,6.0032,1
45,0,59,42,0,8.2,0,1
72,0,68,53,1,22.14,11.0014,1
259,0,27,208,1,27.06,19.0012,1
51,0,76,47,0,13.12,12.998,1
77,0,30,66,0,10.66,19.0012,1
176,0,75,172,0,9.84,0,1
136,0,37,118,1,36.9,6.0032,1
18,0,93,17,0,13.94,12.998,1
82,0,21,68,0,13.12,15.0013,1
45,0,65,35,0,26.24,0,0
182,0,49,124,1,22.14,15.0013,0
94,0,74,91,0,27.06,6.0032,1
99,0,47,98,0,6.56,16.9979,1
8,0,74,7,0,27.06,15.0013,1
78,0,62,67,0,16.4,19.0012,1
134,0,28,106,0,17.22,22.0028,0
121,0,61,103,1,27.06,16.9979,1
72,0,32,64,0,9.02,31.0009,0
1,0,75,1,0,8.2,23.9994,1
234,0,60,202,1,22.14,0,1
107,0,35,80,0,16.4,7.0015,1
1,0,63,1,0,5.74,8.9981,1
47,0,60,35,0,9.84,15.0013,0
188,0,58,127,1,29.52,8.9981,0
89,0,50,64,0,14.76,23.9994,1
110,0,64,108,0,9.02,16.9979,1
18,0,93,17,0,9.02,7.0015,1
143,0,58,111,1,30.34,12.998,0
187,0,37,178,0,8.2,0,1
98,0,19,77,0,13.94,16.9979,1
64,0,93,61,0,9.84,15.0013,1
17,1,47,16,0,8.2,15.0013,0
88,0,94,72,1,20.5,0,0
21,0,89,19,1,27.06,6.0032,1
35,0,88,30,1,20.5,8.9981,0
547,0,78,487,1,22.96,11.0014,1
188,0,55,166,1,21.32,0,1
176,0,83,93,0,27.06,0,0
37,0,56,29,0,12.3,22.0028,0
309,0,67,284,1,18.86,19.9995,1
140,0,35,100,1,37.72,12.998,1
49,0,85,44,0,9.84,7.0015,1
351,0,68,331,1,20.5,8.9981,1
145,0,33,134,0,12.3,15.0013,1
37,0,74,26,0,29.52,12.998,1
71,0,65,69,0,9.84,11.0014,1
5,0,70,5,1,9.84,8.9981,1
173,0,61,137,1,27.06,6.0032,1
33,1,80,29,0,6.56,12.998,0
116,0,77,108,0,17.22,15.0013,1
189,0,79,158,0,28.7,12.998,1
119,0,88,88,1,20.5,11.0014,1
152,0,67,130,1,19.68,8.9981,1
189,0,28,146,1,30.34,19.0012,1
23,0,59,19,0,8.2,12.998,1
31,0,93,26,1,13.94,19.0012,1
190,0,70,161,1,30.34,19.0012,1
252,0,83,158,1,27.88,19.0012,0
3,0,94,2,1,15.58,22.0028,1
61,0,35,48,0,9.02,19.9995,1
132,0,57,94,0,27.88,0,0
55,0,94,38,1,15.58,6.0032,0
385,0,58,224,1,28.7,11.0014,0
3,0,63,3,1,20.5,15.0013,1
410,0,71,388,1,16.4,16.9979,1
2,0,74,2,0,6.56,6.0032,1
157,0,70,147,0,12.3,0,1
110,0,50,92,1,14.76,23.9994,1
182,0,66,107,1,29.52,0,0
23,0,65,21,0,9.84,7.0015,0
128,0,64,119,0,7.38,8.9981,1
363,0,51,214,1,30.34,0,0
166,0,57,122,1,27.88,35.0008,1
350,0,83,235,1,27.88,19.0012,0
151,0,76,121,0,16.4,11.0014,1
151,0,83,127,1,25.42,16.9979,1
77,0,57,54,0,13.12,19.9995,0
224,0,39,214,0,13.12,12.998,1
86,0,78,61,1,25.42,8.9981,0
33,0,93,33,0,9.02,6.0032,1
44,0,88,39,1,18.86,15.0013,1
476,0,49,432,1,23.78,30.0026,1
378,0,35,235,1,24.6,11.0014,0
176,0,88,164,1,20.5,15.0013,1
52,0,77,41,0,17.22,23.9994,0
275,0,74,180,1,27.88,16.9979,0
214,0,62,154,0,29.52,11.0014,0
66,0,52,61,0,9.84,0,1
238,0,58,155,0,30.34,11.0014,0
16,0,83,14,1,24.6,16.9979,1
123,0,40,116,0,8.2,6.0032,1
162,0,43,111,0,33.62,0,1
8,0,72,7,0,18.04,15.0013,1
36,0,43,34,0,7.38,11.0014,1
206,0,22,191,0,13.12,15.0013,1
4,0,74,4,0,27.06,15.0013,1
89,0,52,73,0,11.48,15.0013,1
7,0,59,7,0,6.56,0,1
130,0,46,97,1,25.42,15.0013,1
6,0,82,4,1,18.04,0,0
139,0,50,137,0,5.74,22.0028,1
189,0,57,160,1,27.06,6.0032,1
26,0,56,23,1,22.14,22.0028,1
20,0,88,20,1,18.86,8.9981,1
72,0,94,63,1,19.68,0,1
92,0,59,89,0,6.56,6.0032,1
103,0,94,86,1,20.5,0,1
4,0,93,0,0,9.02,8.9981,1
225,0,62,207,0,14.76,19.9995,1
155,0,40,111,1,37.72,16.9979,1
54,0,94,50,1,18.86,32.9975,1
2,0,93,1,0,10.66,7.0015,1
111,0,53,96,0,13.94,16.9979,1
8,0,71,5,0,13.94,19.9995,1
74,0,32,69,0,8.2,30.0026,0
58,0,68,55,1,22.14,19.0012,1
42,0,100,38,1,21.32,8.9981,0
333,0,55,265,1,19.68,16.9979,1
182,0,46,135,0,13.94,0,0
145,0,37,105,1,36.9,16.9979,1
60,0,100,49,0,9.02,0,0
51,0,39,47,0,4.92,0,1
214,0,26,146,0,32.8,0,1
116,0,89,103,1,26.24,8.9981,1
63,0,77,47,0,17.22,19.9995,0
27,1,67,21,1,18.04,0,0
243,0,65,194,1,28.7,16.9979,1
83,0,47,82,0,7.38,27.9993,1
518,0,65,450,1,26.24,12.998,1
373,0,36,215,0,34.44,8.9981,0
99,0,77,80,1,19.68,26.0027,1
13,0,75,10,0,9.84,0,0
36,0,69,34,0,6.56,0,1
1,0,69,1,0,9.02,16.9979,1
150,0,43,133,0,14.76,8.9981,1
62,0,28,52,0,12.3,12.998,1
72,0,37,45,0,16.4,22.0028,0
53,0,82,22,1,18.86,6.0032,1
306,0,59,245,1,31.98,12.998,1
22,0,94,21,1,17.22,26.0027,0
298,0,49,208,1,22.96,19.9995,0
3,0,55,3,0,9.02,0,0
91,0,46,87,1,13.94,19.0012,1
49,0,93,48,0,9.02,15.0013,1
6,0,94,5,1,22.14,8.9981,1
71,0,40,45,0,14.76,16.9979,1
218,0,61,156,1,28.7,15.0013,0
10,0,100,7,1,14.76,6.0032,0
93,0,82,52,0,17.22,19.9995,0
362,0,55,216,1,30.34,7.0015,0
28,0,65,27,0,10.66,8.9981,1
1,0,64,1,0,6.56,6.0032,1
250,0,79,194,0,28.7,7.0015,1
45,0,47,42,0,8.2,0,1
52,0,83,46,1,21.32,11.0014,1
232,0,36,164,0,27.06,19.0012,1
43,0,81,36,1,14.76,15.0013,0
14,0,88,6,1,25.42,11.0014,0
83,0,41,81,0,9.02,30.0026,1
9,0,94,3,1,21.32,19.9995,1
140,0,83,101,1,27.06,7.0015,0
2,0,69,2,0,9.02,19.0012,1
59,0,52,53,0,12.3,11.0014,1
142,0,81,91,1,14.76,0,0
35,0,64,34,0,9.02,6.0032,1
11,0,80,9,0,4.92,7.0015,0
392,0,20,215,0,34.44,0,0
117,0,79,89,1,28.7,8.9981,0
186,0,79,156,0,28.7,12.998,1
367,0,73,247,1,25.42,19.9995,0
199,0,42,198,0,4.1,0,1
107,0,78,74,1,26.24,12.998,0
86,0,38,74,0,10.66,11.0014,1
141,0,50,119,0,35.26,16.9979,1
169,0,55,132,1,20.5,7.0015,1
113,0,61,94,0,28.7,8.9981,0
79,0,93,74,1,13.94,26.0027,1
7,0,59,6,0,5.74,19.0012,1
304,0,41,185,1,18.86,27.9993,0
158,0,61,119,1,27.06,16.9979,1
174,0,41,134,0,34.44,19.0012,1
141,0,48,85,1,30.34,35.0008,1
202,0,58,168,1,31.16,11.0014,1
207,0,60,164,1,23.78,15.0013,1
66,0,62,59,0,13.12,0,1
11,0,56,4,1,16.4,23.9994,1
318,0,22,255,1,32.8,32.9975,1
48,0,40,44,0,6.56,22.0028,0
23,0,76,17,0,13.94,8.9981,0
46,0,49,43,1,13.12,19.9995,1
2,0,87,2,0,12.3,12.998,0
141,0,51,126,1,18.86,15.0013,1
38,0,55,30,1,21.32,8.9981,1
87,0,66,65,1,13.94,7.0015,0
10,0,44,10,0,18.04,27.9993,0
268,0,49,205,1,23.78,0,0
77,0,53,75,1,13.12,12.998,1
139,0,19,112,0,22.14,22.0028,1
3,0,71,3,0,13.94,12.998,1
128,0,56,89,0,33.62,19.9995,1
89,0,28,85,0,12.3,6.0032,1
24,0,59,23,0,8.2,6.0032,0
50,0,77,43,1,17.22,7.0015,0
47,0,100,43,1,21.32,7.0015,0
169,0,53,137,1,35.26,0,1
304,0,38,255,1,26.24,15.0013,1
154,0,68,124,1,22.14,6.0032,1
459,0,69,253,1,27.06,16.9979,0
112,0,77,109,1,19.68,6.0032,1
78,0,37,73,0,9.02,16.9979,1
87,0,50,86,0,5.74,22.0028,1
181,0,49,107,0,32.8,56.9969,0
57,0,51,50,0,9.02,19.9995,1
62,0,57,44,1,13.94,11.0014,0
13,1,50,9,0,6.56,8.9981,0
215,0,43,104,1,16.4,27.9993,0
26,0,61,21,0,11.48,7.0015,0
288,0,57,238,1,26.24,16.9979,1
190,0,53,183,0,14.76,35.0008,1
10,0,49,10,0,4.1,19.0012,0
59,0,56,41,1,22.14,12.998,0
243,1,55,173,1,21.32,32.9975,0
161,0,30,110,0,16.4,27.9993,0
235,0,40,210,0,14.76,7.0015,1
158,0,51,134,1,20.5,26.0027,1
358,0,49,177,0,32.8,56.9969,0
197,0,93,196,0,9.84,7.0015,1
398,0,51,260,1,29.52,6.0032,0
178,1,55,162,1,20.5,12.998,0
4,0,82,4,1,17.22,11.0014,1
94,0,37,54,0,15.58,0,1
11,0,53,6,0,26.24,0,1
203,0,72,182,1,21.32,8.9981,1
188,0,50,184,0,5.74,23.9994,1
16,0,93,15,0,8.2,12.998,1
89,0,62,80,1,15.58,15.0013,1
148,0,36,105,1,21.32,30.0026,1
545,0,46,466,0,33.62,7.0015,1
69,0,87,64,0,12.3,16.9979,0
327,0,55,192,1,31.16,0,0
137,0,31,113,0,13.12,35.0008,0
176,0,43,112,1,24.6,12.998,1
119,0,45,87,0,20.5,7.0015,1
3,0,93,3,0,12.3,7.0015,1
202,0,26,153,1,24.6,7.0015,1
247,0,29,196,1,26.24,7.0015,1
37,0,80,37,0,6.56,12.998,1
279,0,94,207,1,21.32,8.9981,0
43,0,51,40,0,8.2,12.998,1
207,0,88,190,1,22.14,16.9979,1
316,0,83,281,0,27.06,6.0032,1
161,0,61,156,0,13.94,19.0012,1
100,0,65,97,0,9.84,27.9993,1
87,0,42,74,0,13.94,15.0013,1
74,0,50,73,0,6.56,11.0014,1
6,0,76,6,1,13.94,15.0013,1
223,0,88,170,1,21.32,12.998,1
84,0,82,74,1,17.22,12.998,1
92,0,78,78,1,27.06,12.998,0
42,0,55,41,0,7.38,8.9981,1
175,0,55,161,0,19.68,22.0028,1
29,0,58,24,0,17.22,19.0012,1
313,0,55,281,0,31.16,16.9979,1
50,0,32,48,0,9.84,30.0026,1
95,0,88,77,1,18.04,12.998,0
53,0,52,43,0,12.3,16.9979,1
267,0,33,141,0,18.86,27.9993,0
4,0,64,3,1,22.96,19.9995,1
1,0,51,1,0,8.2,12.998,1
25,0,79,21,0,28.7,6.0032,1
8,0,33,7,0,5.74,19.9995,1
13,0,88,6,1,22.96,0,1
36,0,43,29,1,16.4,7.0015,0
33,0,77,29,1,18.04,19.0012,0
108,0,55,103,0,8.2,15.0013,1
217,0,51,214,0,7.38,6.0032,1
117,0,83,103,1,21.32,0,1
330,0,55,301,0,31.16,12.998,1
366,0,23,283,1,30.34,40.9973,1
13,0,44,10,0,8.2,0,1
154,0,93,144,0,13.12,8.9981,1
95,0,83,80,1,25.42,7.0015,0
6,0,83,4,0,26.24,15.0013,0
63,0,83,49,1,21.32,39.0007,0
185,0,57,129,1,26.24,0,1
1,0,59,1,0,6.56,0,0
8,0,81,7,0,9.84,8.9981,1
1,0,68,1,1,20.5,16.9979,1
50,0,100,37,1,21.32,8.9981,0
367,0,55,236,1,31.98,7.0015,0
264,0,58,173,1,30.34,11.0014,0
91,0,36,69,0,11.48,16.9979,0
172,0,83,147,1,22.14,12.998,1
18,0,87,17,0,13.12,11.0014,1
175,0,66,170,0,13.94,8.9981,1
6,0,89,6,1,27.88,12.998,1
212,0,22,198,0,12.3,8.9981,1
1,0,63,1,0,5.74,7.0015,1
7,0,66,3,1,13.94,16.9979,1
80,0,25,67,0,9.02,6.0032,1
486,0,47,434,1,35.26,19.9995,1
146,0,83,90,1,21.32,11.0014,1
88,0,71,79,0,13.94,19.0012,1
51,0,93,51,0,6.56,0,1
420,0,66,385,0,30.34,19.0012,1
294,0,94,221,1,22.14,11.0014,0
2,0,74,2,0,6.56,11.0014,0
2,0,44,2,0,8.2,27.9993,1
178,0,84,131,1,18.86,7.0015,0
52,0,87,47,0,11.48,6.0032,1
117,0,83,88,1,22.96,0,0
340,0,49,198,1,23.78,6.0032,0
297,0,63,277,1,18.86,0,1
35,0,83,30,0,27.88,6.0032,1
190,0,87,120,1,21.32,19.0012,1
202,0,38,152,1,25.42,16.9979,1
373,0,40,244,1,24.6,12.998,0
58,0,34,56,0,8.2,19.9995,1
6,0,79,6,0,28.7,11.0014,1
169,0,78,136,0,27.06,12.998,1
243,0,43,181,1,31.98,15.0013,1
248,0,31,215,1,27.06,12.998,1
115,0,88,86,1,20.5,6.0032,0
31,0,88,24,1,22.96,6.0032,1
3,0,62,2,0,12.3,6.0032,1
112,0,88,103,1,18.04,0,1
20,0,76,19,0,15.58,15.0013,0
20,0,93,19,0,9.02,0,1
29,0,94,23,1,21.32,7.0015,1
86,0,54,66,0,18.04,19.0012,1
233,0,31,214,0,13.12,15.0013,1
226,0,83,153,1,23.78,15.0013,0
108,0,67,89,1,18.04,19.0012,1
35,0,77,30,1,18.04,19.0012,0
290,0,46,189,0,31.98,19.9995,0
61,0,77,55,1,18.04,12.998,1
157,0,36,98,1,26.24,31.0009,1
349,0,41,227,0,33.62,22.0028,0
46,0,65,45,0,9.84,11.0014,1
48,0,27,42,0,8.2,19.0012,1
118,0,89,107,0,26.24,8.9981,1
2,0,60,2,1,10.66,8.9981,1
2,0,62,2,1,17.22,16.9979,1
136,0,86,130,0,6.56,15.0013,1
45,0,46,44,0,13.94,43.9989,1
7,0,83,6,1,25.42,0,0
10,0,59,4,1,21.32,0,1
113,0,60,99,1,23.78,26.0027,1
78,0,54,58,0,27.06,0,0
264,0,63,155,1,19.68,12.998,0
398,0,88,359,1,21.32,11.0014,1
174,0,88,151,1,22.14,16.9979,1
12,0,59,10,0,5.74,7.0015,1
168,0,72,148,1,20.5,15.0013,1
36,0,87,34,0,9.02,6.0032,1
3,0,70,2,0,9.84,6.0032,1
5,0,100,3,0,13.94,7.0015,1
59,0,29,54,0,13.94,23.9994,0
94,0,50,92,0,5.74,16.9979,1
73,0,53,65,0,13.94,22.0028,1
128,0,34,95,0,13.94,12.998,0
154,0,61,112,0,28.7,11.0014,0
150,0,62,133,1,16.4,11.0014,1
32,0,69,21,0,25.42,7.0015,0
10,0,73,8,1,25.42,19.0012,1
5,0,78,5,1,22.96,16.9979,1
30,0,93,29,0,7.38,0,1
36,0,63,36,0,5.74,7.0015,1
42,0,69,37,0,6.56,22.0028,1
594,0,57,540,1,26.24,12.998,1
22,0,86,22,0,8.2,15.0013,1
280,0,67,256,0,17.22,16.9979,1
112,0,55,109,0,9.02,6.0032,1
166,0,50,96,0,16.4,30.0026,0
22,0,39,22,0,4.1,30.0026,0
123,0,48,86,1,31.16,12.998,1
34,0,79,25,1,28.7,11.0014,1
396,0,67,367,1,17.22,16.9979,1
219,0,43,137,1,22.96,8.9981,0
35,0,51,32,0,8.2,26.0027,1
408,1,43,184,0,33.62,6.0032,0
30,0,47,28,0,6.56,19.0012,1
270,0,83,245,1,21.32,12.998,1
2,0,0,2,0,13.94,16.9979,1
139,0,47,134,0,8.2,0,1
347,0,55,235,1,32.8,15.0013,0
27,0,55,27,0,6.56,8.9981,1
251,0,73,168,1,25.42,6.0032,0
173,0,24,133,1,28.7,36.9974,1
2,1,43,2,0,7.38,12.998,0
112,0,73,104,1,23.78,11.0014,1
52,0,43,50,0,7.38,22.0028,1
257,0,82,129,1,15.58,6.0032,0
388,0,32,209,1,22.14,35.0008,0
80,1,47,70,0,7.38,8.9981,0
10,0,49,8,1,24.6,19.0012,1
87,0,56,60,1,22.96,0,0
5,1,43,5,0,7.38,12.998,0
1,0,75,0,0,8.2,8.9981,1
162,0,41,118,1,25.42,15.0013,1
27,0,55,26,0,7.38,0,1
124,0,40,66,1,24.6,26.0027,1
9,0,76,6,1,13.94,8.9981,1
300,0,88,256,1,21.32,8.9981,1
5,0,71,4,0,14.76,12.998,1
130,0,46,113,1,15.58,27.9993,1
75,0,34,69,0,8.2,30.0026,0
491,0,88,429,1,21.32,11.0014,1
520,0,26,456,1,22.96,19.0012,1
100,0,64,98,0,6.56,15.0013,1
47,0,59,40,1,18.86,7.0015,1
157,0,49,115,0,13.94,7.0015,0
202,0,66,168,1,32.8,8.9981,1
103,0,82,94,1,17.22,19.0012,1
162,0,29,146,0,25.42,39.0007,1
81,0,59,78,0,6.56,22.0028,1
461,0,21,362,0,33.62,12.998,1
56,0,100,53,0,10.66,12.998,0
10,0,87,6,0,11.48,0,1
74,0,81,55,0,13.94,11.0014,0
168,0,81,165,0,9.84,7.0015,1
73,0,53,61,0,13.94,12.998,1
78,0,70,75,0,13.12,0,1
3,0,80,3,0,8.2,0,1
72,0,55,54,0,8.2,15.0013,0
4,0,100,3,0,12.3,15.0013,0
9,0,100,8,0,17.22,19.0012,0
133,0,87,90,1,13.94,8.9981,0
31,0,72,21,1,18.86,6.0032,0
155,0,16,103,0,18.04,40.9973,0
8,0,64,5,1,20.5,0,0
179,0,69,177,0,5.74,11.0014,1
52,0,69,48,0,6.56,0,1
52,0,64,44,1,22.96,23.9994,1
383,0,30,190,0,33.62,19.0012,0
256,0,65,243,0,9.84,19.0012,1
8,0,54,8,0,4.1,6.0032,1
23,0,88,16,1,19.68,22.0028,1
5,0,55,3,0,31.16,0,1
50,0,47,49,0,9.02,31.0009,1
141,0,89,118,0,27.06,0,1
281,0,46,245,1,13.94,22.0028,1
17,0,88,13,0,18.86,19.9995,0
7,0,86,7,0,6.56,6.0032,1
52,0,86,49,0,8.2,0,1
5,0,59,5,0,6.56,0,0
20,0,87,15,0,12.3,12.998,0
381,0,21,299,0,33.62,16.9979,1
41,0,43,40,0,6.56,22.0028,0
402,0,34,220,0,34.44,6.0032,0
59,0,69,50,1,17.22,7.0015,0
118,0,41,80,1,26.24,22.0028,1
489,0,73,431,1,24.6,15.0013,1
11,0,82,9,0,17.22,19.9995,0
59,0,36,51,0,5.74,0,1
177,0,82,129,1,15.58,7.0015,0
88,0,54,70,0,15.58,12.998,1
213,0,40,127,1,24.6,30.0026,1
40,0,55,39,0,9.02,16.9979,1
398,0,22,192,0,36.08,15.0013,0
270,0,65,248,0,28.7,6.0032,1
273,0,64,245,1,22.14,8.9981,1
8,0,69,5,0,9.02,11.0014,1
5,0,94,5,1,18.86,19.9995,1
31,0,93,30,0,12.3,7.0015,1
4,0,53,1,0,13.94,12.998,1
13,0,49,10,1,24.6,16.9979,1
386,1,55,191,0,31.16,7.0015,0
159,0,37,121,1,22.96,15.0013,1
16,0,67,2,1,17.22,7.0015,1
245,0,62,168,0,31.98,16.9979,1
314,0,76,291,1,14.76,12.998,1
210,0,51,190,0,8.2,16.9979,1
2,0,93,2,0,9.02,7.0015,1
71,0,94,62,1,21.32,27.9993,0
58,0,60,43,0,9.84,19.9995,1
59,0,49,55,0,13.12,27.9993,1
142,0,67,119,1,18.86,19.0012,1
375,0,56,150,0,33.62,16.9979,0
81,0,31,55,0,24.6,15.0013,1
1,0,74,1,0,4.92,6.0032,0
110,0,68,91,1,22.96,15.0013,1
39,0,56,33,0,10.66,0,0
477,0,61,432,1,27.88,8.9981,1
3,0,0,0,0,13.94,16.9979,1
12,0,40,11,0,8.2,30.0026,1
280,1,55,114,0,31.16,6.0032,0
103,0,71,95,0,14.76,19.9995,1
59,0,76,55,0,14.76,12.998,0
70,0,39,49,1,20.5,7.0015,0
16,0,76,16,1,16.4,6.0032,1
54,0,69,54,0,5.74,8.9981,1
111,0,0,109,0,18.04,26.0027,1
3,0,94,2,1,21.32,19.9995,1
29,0,93,28,0,6.56,7.0015,1
79,0,41,55,1,17.22,15.0013,0
4,0,52,4,0,9.84,8.9981,1
43,0,50,35,0,14.76,35.0008,1
281,0,46,202,0,33.62,7.0015,1
6,0,84,6,1,29.52,11.0014,1
53,0,61,41,1,12.3,6.0032,1
271,0,58,255,1,15.58,16.9979,1
21,0,49,19,0,8.2,8.9981,0
82,0,81,74,1,14.76,6.0032,1
160,0,52,112,1,22.96,15.0013,0
6,0,64,6,0,8.2,0,1
79,0,36,61,0,13.12,8.9981,1
27,0,79,24,0,27.88,16.9979,1
7,0,37,6,0,15.58,23.9994,1
140,0,47,96,0,27.88,6.0032,1
4,0,74,4,0,4.92,6.0032,0
198,0,59,118,0,19.68,19.0012,0
99,0,66,78,0,13.12,15.0013,0
64,0,87,64,0,9.02,8.9981,1
417,0,58,382,0,31.16,15.0013,1
64,1,81,56,1,14.76,12.998,0
214,0,51,153,1,27.88,0,1
442,0,77,421,1,19.68,16.9979,1
447,1,52,210,0,31.98,0,0
327,0,34,275,0,27.06,23.9994,1
357,0,65,249,1,27.88,11.0014,0
19,0,81,18,1,13.12,30.0026,1
3,0,88,3,0,17.22,23.9994,0
33,1,47,30,0,6.56,15.0013,0
39,0,55,39,0,7.38,15.0013,1
54,0,94,47,1,16.4,19.9995,1
15,0,100,12,1,16.4,19.9995,1
60,1,59,58,0,7.38,12.998,0
43,0,79,30,0,28.7,6.0032,1
64,0,81,59,1,13.12,16.9979,1
147,0,40,145,0,8.2,11.0014,1
61,0,87,61,0,9.02,12.998,1
135,0,52,128,0,9.84,32.9975,1
4,0,69,1,0,9.02,19.0012,1
428,0,49,362,1,23.78,19.0012,1
30,0,69,27,0,6.56,6.0032,0
4,0,69,4,0,5.74,6.0032,1
304,0,34,285,1,28.7,16.9979,1
5,0,50,3,0,4.92,19.0012,1
69,0,34,65,0,6.56,26.0027,1
66,0,60,56,0,9.84,16.9979,1
7,0,70,7,0,12.3,31.0009,1
44,0,28,42,0,12.3,32.9975,0
449,0,48,239,1,31.16,11.0014,0
204,0,62,156,1,30.34,19.0012,1
50,0,88,41,1,18.86,6.0032,0
47,0,70,44,0,12.3,8.9981,1
2,0,59,2,0,6.56,7.0015,1
149,0,42,134,1,36.08,8.9981,1
60,0,37,56,0,9.02,22.0028,1
63,0,47,62,0,9.02,22.0028,1
82,0,54,78,0,16.4,19.0012,1
80,1,82,64,1,15.58,26.0027,0
312,0,27,265,1,31.16,8.9981,1
27,0,66,23,1,14.76,12.998,1
6,0,53,5,0,3.28,12.998,0
7,0,62,7,1,16.4,16.9979,1
4,0,50,4,0,5.74,16.9979,1
4,0,63,4,1,20.5,19.0012,1
90,0,48,81,0,11.48,16.9979,1
175,0,40,170,0,8.2,12.998,1
272,0,83,245,1,21.32,19.0012,1
203,0,24,168,1,32.8,23.9994,1
118,0,42,82,1,36.9,15.0013,1
537,0,65,472,1,27.06,12.998,1
54,0,51,51,0,8.2,11.0014,1
40,0,41,29,1,18.86,19.9995,1
3,0,71,1,1,14.76,11.0014,0
84,0,45,69,0,12.3,16.9979,0
13,0,79,9,1,27.88,6.0032,0
427,0,17,342,0,33.62,0,1
152,0,78,114,1,27.06,15.0013,0
7,0,63,7,0,5.74,8.9981,1
32,0,61,29,1,12.3,0,0
165,0,51,110,1,29.52,0,1
59,0,59,57,0,7.38,11.0014,0
16,0,87,11,1,15.58,8.9981,0
486,0,49,441,1,23.78,26.0027,1
33,0,88,8,1,18.04,0,1
214,0,72,139,1,20.5,12.998,0
48,0,47,44,0,9.02,36.9974,1
229,0,66,175,0,31.98,19.0012,1
64,0,34,61,0,8.2,19.0012,1
209,0,54,137,1,27.06,6.0032,1
71,0,100,63,0,9.02,8.9981,0
202,0,87,109,1,16.4,8.9981,0
89,0,65,71,1,28.7,0,0
20,0,69,20,0,5.74,8.9981,1
161,0,53,143,0,13.94,15.0013,1
101,0,37,77,0,15.58,11.0014,1
95,0,30,76,1,28.7,30.0026,1
90,0,79,72,1,27.88,7.0015,1
157,0,87,148,1,15.58,39.0007,1
28,0,93,26,1,9.84,15.0013,1
21,0,82,18,1,16.4,27.9993,0
62,0,36,54,0,11.48,0,1
12,0,33,9,0,4.92,22.0028,1
22,0,38,15,1,24.6,23.9994,1
274,0,88,260,1,22.14,12.998,1
93,0,87,74,1,15.58,11.0014,0
57,1,50,50,0,6.56,16.9979,0
117,0,67,100,1,17.22,11.0014,1
271,0,54,225,1,29.52,31.0009,1
56,0,45,48,0,11.48,16.9979,1
232,0,25,193,1,31.16,31.0009,1
35,0,93,31,1,12.3,15.0013,1
8,0,88,4,1,22.96,0,1
150,0,60,138,0,9.02,8.9981,1
154,0,28,135,1,22.14,30.0026,1
122,0,55,86,1,18.86,0,1
257,0,100,239,1,20.5,0,1
78,0,38,76,0,9.84,23.9994,1
4,0,100,4,0,8.2,22.0028,1
247,0,58,170,0,30.34,19.0012,0
169,0,74,111,1,27.88,7.0015,0
74,0,21,62,0,13.12,11.0014,1
26,1,78,13,0,26.24,0,0
10,0,62,8,0,14.76,12.998,0
158,0,46,119,0,33.62,8.9981,1
299,0,66,282,0,14.76,8.9981,1
328,0,56,302,1,22.96,23.9994,1
70,0,46,65,0,14.76,31.0009,1
79,0,33,74,0,10.66,22.0028,1
95,0,47,92,0,6.56,11.0014,1
44,0,67,40,0,18.86,19.9995,1
117,0,53,74,0,21.32,19.0012,1
35,0,65,25,0,28.7,12.998,1
10,0,100,10,0,8.2,6.0032,0
325,0,29,282,1,21.32,23.9994,1
71,0,24,65,0,11.48,16.9979,1
159,0,52,104,0,22.14,19.0012,1
14,0,94,13,1,18.04,0,0
421,0,82,394,1,19.68,12.998,1
20,0,49,19,0,13.12,32.9975,1
13,0,74,5,0,27.06,6.0032,1
216,0,74,212,0,4.1,11.0014,1
164,0,94,158,1,15.58,12.998,1
4,0,88,2,1,20.5,8.9981,1
148,0,53,77,1,14.76,23.9994,0
123,0,16,76,0,18.04,39.0007,0
81,0,94,50,1,15.58,8.9981,0
168,0,78,130,1,23.78,7.0015,1
65,0,70,38,0,28.7,6.0032,0
124,0,62,105,1,18.04,23.9994,1
54,0,93,47,1,13.12,11.0014,0
4,0,68,4,0,4.92,7.0015,1
207,0,58,189,0,18.04,12.998,1
32,0,88,26,1,18.86,39.0007,0
104,0,88,83,1,25.42,8.9981,0
77,0,37,73,0,9.02,26.0027,1
437,0,73,254,1,26.24,12.998,0
1,0,94,1,1,18.86,12.998,1
46,0,80,42,0,6.56,11.0014,1
22,0,94,22,1,21.32,16.9979,1
492,0,42,453,0,28.7,11.0014,1
2,0,69,2,0,9.02,12.998,0
88,0,86,87,0,5.74,16.9979,1
165,0,33,136,1,24.6,19.9995,1
37,0,44,33,0,8.2,30.0026,1
21,0,75,20,1,9.84,8.9981,0
47,0,28,38,0,13.12,35.0008,0
39,0,100,34,1,21.32,0,0
2,0,64,2,0,7.38,12.998,1
43,0,64,38,0,6.56,8.9981,0
18,0,65,15,0,9.84,12.998,0
34,0,36,33,0,4.92,26.0027,0
263,0,82,142,1,18.86,7.0015,0
140,0,53,127,0,13.12,22.0028,1
204,0,59,130,0,19.68,19.9995,0
177,0,53,141,1,25.42,6.0032,1
12,0,66,11,0,13.12,6.0032,1
24,0,86,22,0,5.74,0,0
159,0,76,116,0,16.4,15.0013,0
90,0,74,70,0,29.52,8.9981,1
302,0,64,247,1,23.78,12.998,1
71,0,23,65,0,10.66,0,1
57,0,88,39,1,22.96,6.0032,1
3,0,76,3,1,14.76,8.9981,1
487,0,88,453,1,21.32,0,1
23,0,77,23,1,17.22,11.0014,1
195,0,40,192,0,8.2,19.9995,1
264,0,65,167,1,28.7,12.998,0
95,0,82,83,1,17.22,16.9979,1
1,0,53,1,0,3.28,12.998,0
12,0,69,8,0,8.2,7.0015,0
127,0,74,103,0,29.52,0,1
119,0,52,95,1,22.96,12.998,1
58,0,56,49,0,12.3,16.9979,0
160,0,38,133,1,24.6,7.0015,1
74,0,40,70,0,8.2,8.9981,1
99,0,80,98,0,9.02,8.9981,1
88,0,70,82,0,13.12,7.0015,1
390,0,62,175,0,31.16,7.0015,0
48,0,55,48,0,9.02,15.0013,1
14,0,53,7,1,24.6,8.9981,1
5,0,67,4,1,18.86,6.0032,1
373,0,59,293,0,34.44,22.0028,1
5,0,82,4,1,20.5,11.0014,0
347,0,94,325,1,21.32,19.9995,1
137,0,35,101,1,22.96,6.0032,1
16,0,68,15,1,22.14,8.9981,1
9,0,100,9,0,8.2,6.0032,0
11,0,75,11,0,9.84,12.998,1
23,0,63,22,0,5.74,8.9981,0
105,0,45,81,0,20.5,15.0013,1
20,0,75,19,0,8.2,6.0032,0
371,0,77,350,1,19.68,15.0013,1
125,0,25,90,0,20.5,0,1
7,0,45,7,0,2.46,7.0015,1
159,0,82,126,1,18.86,6.0032,0
196,0,41,161,1,27.06,19.0012,1
12,0,61,4,0,28.7,15.0013,1
5,0,73,5,1,22.14,22.0028,1
496,0,55,426,0,32.8,11.0014,1
1,0,37,1,0,9.02,35.0008,1
33,0,66,23,0,14.76,8.9981,0
314,0,69,268,1,25.42,8.9981,1
39,0,70,39,0,10.66,22.0028,1
39,0,65,24,0,28.7,7.0015,1
113,0,87,109,1,13.94,11.0014,1
44,0,0,43,0,15.58,19.0012,1
25,0,81,20,0,12.3,7.0015,0
257,0,47,209,1,26.24,15.0013,1
226,0,88,157,1,21.32,26.0027,1
6,0,100,6,0,13.94,6.0032,1
459,0,83,435,1,22.96,19.0012,1
207,0,44,167,1,34.44,8.9981,1
161,0,33,107,1,25.42,16.9979,1
5,0,69,5,0,27.06,6.0032,0
140,0,70,107,0,30.34,7.0015,1
153,0,58,131,1,30.34,11.0014,1
65,0,67,63,1,19.68,0,1
129,0,46,106,0,13.94,15.0013,1
313,0,42,265,0,20.5,12.998,1
142,0,52,112,0,33.62,8.9981,1
32,0,51,29,0,9.02,16.9979,0
113,0,56,107,1,22.14,19.9995,1
193,0,51,117,1,27.88,0,1
1,0,50,0,0,4.92,19.0012,1
68,0,44,63,0,9.02,22.0028,1
44,0,45,39,0,12.3,19.0012,0
92,0,82,71,1,18.86,8.9981,0
192,0,31,135,1,26.24,22.0028,1
42,0,41,39,0,9.02,26.0027,1
200,0,33,170,1,37.72,8.9981,1
31,0,100,27,0,17.22,19.9995,0
304,0,88,216,1,22.96,15.0013,0
53,0,40,50,0,8.2,0,1
76,0,49,65,0,13.12,19.0012,1
3,0,86,3,0,8.2,22.0028,1
4,1,83,3,0,26.24,8.9981,0
1,0,63,1,0,5.74,7.0015,1
55,0,100,50,0,9.02,0,0
110,0,19,91,0,22.14,27.9993,1
155,0,41,107,0,35.26,0,1
36,0,66,35,0,16.4,12.998,1
5,0,94,4,1,15.58,16.9979,1
144,0,58,97,0,28.7,15.0013,0
92,0,34,79,0,8.2,30.0026,0
3,0,79,3,1,28.7,11.0014,1
6,0,83,6,1,25.42,0,1
30,0,35,27,0,16.4,23.9994,0
274,0,32,256,0,23.78,19.9995,1
138,0,78,94,1,23.78,19.0012,1
52,0,93,47,0,9.84,12.998,1
32,0,80,27,0,9.02,0,0
311,0,58,191,1,31.16,6.0032,0
241,0,79,175,0,28.7,12.998,1
76,0,71,67,0,13.94,11.0014,0
148,0,42,111,0,36.9,23.9994,1
95,0,55,92,0,6.56,6.0032,1
122,0,72,114,1,20.5,8.9981,1
113,0,57,90,1,26.24,6.0032,0
162,0,40,158,0,8.2,19.0012,1
2,0,94,1,0,17.22,23.9994,0
112,0,39,86,0,13.12,30.0026,0
257,0,55,247,0,9.02,12.998,1
93,1,47,80,0,7.38,8.9981,0
152,0,32,94,0,14.76,31.0009,0
18,1,76,10,1,16.4,0,0
126,0,78,116,1,24.6,8.9981,1
6,0,68,6,1,22.96,7.0015,1
17,0,36,17,0,4.1,23.9994,1
115,0,45,87,1,21.32,11.0014,1
248,0,94,179,1,22.14,8.9981,0
165,0,39,110,0,34.44,11.0014,1
4,0,93,4,1,14.76,6.0032,0
436,1,46,196,0,32.8,0,0
144,0,44,93,1,17.22,12.998,0
15,0,80,13,0,5.74,0,0
106,0,68,84,1,22.14,19.0012,1
354,0,38,187,1,18.86,26.0027,0
90,0,92,89,0,9.84,7.0015,1
15,0,65,14,0,9.84,0,1
164,0,59,104,0,19.68,23.9994,0
127,0,88,105,1,22.96,6.0032,1
201,0,51,123,0,29.52,11.0014,0
89,0,52,74,0,12.3,16.9979,0
141,0,72,96,1,18.86,8.9981,0
157,0,51,95,0,14.76,23.9994,0
19,0,93,18,0,6.56,6.0032,1
3,0,93,3,0,9.02,8.9981,1
55,0,49,44,0,12.3,15.0013,1
118,0,39,92,0,12.3,19.0012,0
32,0,88,30,1,23.78,11.0014,1
416,0,41,249,0,33.62,15.0013,0
185,0,62,162,0,16.4,16.9979,1
226,0,56,185,1,24.6,0,1
12,0,70,7,1,10.66,7.0015,0
2,0,69,2,0,6.56,0,1
1,0,71,1,1,14.76,7.0015,1
54,0,80,49,0,9.02,6.0032,1
279,0,100,204,1,21.32,6.0032,0
8,0,93,8,0,9.02,8.9981,0
428,0,74,397,0,29.52,7.0015,1
62,0,28,55,0,12.3,12.998,1
56,0,63,51,1,14.76,27.9993,1
98,0,25,73,0,15.58,7.0015,1
6,0,100,6,1,10.66,11.0014,1
327,0,83,269,1,25.42,19.0012,1
25,0,78,17,0,26.24,6.0032,0
82,1,47,76,0,8.2,11.0014,0
51,0,86,49,0,7.38,0,1
100,0,59,78,1,20.5,7.0015,0
40,0,80,32,0,9.02,0,0
183,0,46,141,1,32.8,19.0012,1
119,1,83,76,0,26.24,6.0032,0
49,0,44,49,0,9.02,23.9994,1
33,0,77,26,1,17.22,6.0032,0
84,0,41,71,1,18.86,19.0012,1
283,0,83,253,1,23.78,27.9993,1
177,0,83,149,1,23.78,0,1
107,0,64,88,1,22.14,12.998,1
1,0,93,1,0,12.3,11.0014,0
127,0,77,95,1,21.32,6.0032,0
205,0,48,176,1,21.32,7.0015,1
7,0,72,5,0,18.04,19.0012,1
125,0,28,111,0,12.3,12.998,1
109,0,94,102,1,21.32,11.0014,1
5,0,93,5,1,12.3,15.0013,0
30,0,66,29,1,13.94,16.9979,1
53,0,46,43,0,14.76,22.0028,0
124,0,52,122,0,9.84,19.0012,1
339,0,55,308,1,18.86,19.9995,1
88,0,61,86,0,12.3,6.0032,1
1,0,93,1,0,9.02,8.9981,1
104,0,58,94,0,15.58,26.0027,1
44,0,77,34,0,18.04,19.9995,0
452,1,41,216,0,33.62,0,0
390,0,49,224,1,24.6,8.9981,0
96,0,67,77,1,17.22,6.0032,0
83,0,80,83,0,6.56,8.9981,1
93,0,83,74,1,26.24,7.0015,0
230,0,62,171,1,30.34,8.9981,0
36,0,87,24,1,15.58,6.0032,0
30,0,64,27,0,24.6,8.9981,1
12,0,65,8,1,25.42,11.0014,0
13,0,94,12,1,18.86,12.998,1
5,0,42,5,0,12.3,51.9987,1
16,0,55,13,0,7.38,0,0
9,0,100,9,0,9.02,27.9993,0
53,0,87,48,1,15.58,6.0032,0
135,0,48,99,1,21.32,6.0032,1
97,0,56,79,0,9.84,12.998,1
153,0,83,115,1,22.96,27.9993,1
80,0,27,76,0,8.2,19.9995,1
121,0,82,86,1,18.86,0,0
52,0,64,49,0,7.38,8.9981,1
76,0,76,66,0,15.58,22.0028,1
343,0,30,182,1,22.14,23.9994,0
182,0,48,179,0,10.66,12.998,1
248,0,27,209,0,14.76,15.0013,1
1,0,74,1,0,7.38,16.9979,1
200,0,34,145,1,28.7,16.9979,1
1,0,93,1,0,12.3,11.0014,1
24,0,100,22,1,17.22,0,0
401,0,32,241,0,34.44,0,0
52,0,82,47,1,17.22,6.0032,0
87,0,66,70,0,16.4,15.0013,1
5,0,82,4,1,16.4,7.0015,0
330,0,44,273,1,27.06,11.0014,1
21,0,88,21,1,25.42,0,1
32,0,51,31,0,9.02,8.9981,0
598,0,38,539,1,25.42,16.9979,1
130,0,51,127,0,7.38,11.0014,1
82,0,88,64,1,20.5,8.9981,0
306,0,30,163,1,22.96,30.0026,0
150,0,62,97,1,29.52,0,0
78,0,66,56,0,13.12,12.998,1
121,0,63,110,1,20.5,16.9979,1
15,1,62,9,1,18.04,0,0
20,0,100,17,0,8.2,6.0032,0
13,0,60,10,0,10.66,6.0032,0
4,0,87,4,0,11.48,0,1
239,0,49,214,1,22.14,12.998,1
417,0,54,256,1,28.7,0,0
56,0,40,53,0,6.56,22.0028,1
15,0,88,14,1,20.5,39.0007,0
114,0,46,93,0,15.58,22.0028,1
136,0,76,64,1,13.94,26.0027,0
174,0,29,127,0,13.94,27.9993,0
15,0,41,15,0,9.02,6.0032,1
32,0,82,27,0,16.4,19.0012,0
163,0,44,125,0,35.26,19.9995,1
45,0,44,37,1,17.22,15.0013,0
272,0,88,194,1,22.96,12.998,0
383,0,51,290,1,29.52,26.0027,1
209,0,77,180,1,22.14,19.0012,1
199,0,41,148,1,25.42,15.0013,1
256,0,41,132,0,18.86,26.0027,0
115,0,41,99,1,18.86,12.998,1
150,0,28,144,0,16.4,35.0008,1
53,0,61,33,1,13.12,11.0014,0
377,0,46,244,0,33.62,19.0012,0
1,0,86,1,1,13.94,8.9981,1
36,0,76,24,0,15.58,16.9979,0
190,0,78,137,1,27.06,15.0013,0
165,0,73,111,1,26.24,11.0014,0
116,0,46,89,0,33.62,8.9981,1
26,0,94,19,1,22.14,11.0014,0
15,0,59,11,1,21.32,6.0032,0
2,0,66,2,0,13.94,0,0
50,0,29,40,0,8.2,6.0032,1
182,0,70,114,0,28.7,16.9979,0
151,0,72,105,1,18.86,15.0013,1
66,0,34,59,0,13.94,19.9995,1
127,0,65,83,1,22.14,11.0014,1
78,0,25,52,0,14.76,11.0014,1
27,0,60,22,0,10.66,0,0
137,0,47,135,0,8.2,35.0008,1
59,0,62,48,0,16.4,26.0027,1
443,0,79,415,0,28.7,12.998,1
165,0,28,123,1,30.34,26.0027,1
13,0,94,11,1,22.96,7.0015,1
20,0,60,20,0,10.66,22.0028,0
105,0,45,86,0,12.3,22.0028,0
72,0,74,59,1,27.88,6.0032,0
349,1,55,172,0,31.16,6.0032,0
189,0,44,149,1,34.44,7.0015,1
98,0,87,71,1,13.94,7.0015,0
387,0,88,361,1,20.5,12.998,1
203,0,43,136,0,33.62,7.0015,1
120,0,82,93,1,18.04,8.9981,1
55,0,75,49,0,9.84,7.0015,1
13,0,70,12,1,9.84,7.0015,1
91,0,87,87,0,13.12,12.998,1
79,0,51,71,0,9.02,19.0012,0
2,0,93,1,0,9.02,8.9981,1
263,0,26,180,0,32.8,0,1
207,0,74,173,1,30.34,15.0013,1
37,0,81,34,0,11.48,6.0032,1
21,0,67,20,1,19.68,19.0012,1
17,0,74,10,1,27.06,8.9981,0
101,0,76,79,0,16.4,16.9979,1
8,0,75,7,0,9.84,0,0
34,0,0,30,0,17.22,15.0013,1
299,0,78,281,1,25.42,7.0015,1
3,0,34,2,0,21.32,27.9993,0
239,0,64,178,1,22.96,0,0
33,0,55,32,0,8.2,15.0013,1
53,0,23,43,0,21.32,16.9979,1
139,0,69,77,1,26.24,27.9993,1
101,0,41,86,0,19.68,15.0013,1
20,0,69,19,0,27.06,0,1
22,0,50,12,1,25.42,7.0015,1
165,0,83,132,1,22.96,19.0012,1
62,0,93,52,0,13.12,22.0028,1
63,0,46,58,0,13.94,8.9981,1
88,0,61,84,0,11.48,0,1
169,0,49,128,1,22.96,11.0014,1
232,0,78,192,1,26.24,7.0015,1
63,0,71,56,0,14.76,0,0
145,0,26,142,0,11.48,8.9981,1
203,0,52,173,1,22.14,0,1
159,0,41,155,0,9.02,11.0014,1
